0 !COLOUR Black                                                 CODE     0   VALUE #1B2A34   EDGE #808080
0 !COLOUR Blue                                                  CODE     1   VALUE #1E5AA8   EDGE #333333
0 !COLOUR Green                                                 CODE     2   VALUE #00852B   EDGE #333333
0 !COLOUR Dark_Turquoise                                        CODE     3   VALUE #069D9F   EDGE #333333
0 !COLOUR Red                                                   CODE     4   VALUE #B40000   EDGE #333333
0 !COLOUR Dark_Pink                                             CODE     5   VALUE #D3359D   EDGE #333333
0 !COLOUR Brown                                                 CODE     6   VALUE #543324   EDGE #1E1E1E
0 !COLOUR Light_Grey                                            CODE     7   VALUE #8A928D   EDGE #333333
0 !COLOUR Dark_Grey                                             CODE     8   VALUE #545955   EDGE #333333
0 !COLOUR Light_Blue                                            CODE     9   VALUE #97CBD9   EDGE #333333
0 !COLOUR Bright_Green                                          CODE    10   VALUE #58AB41   EDGE #333333
0 !COLOUR Light_Turquoise                                       CODE    11   VALUE #00AAA4   EDGE #333333
0 !COLOUR Salmon                                                CODE    12   VALUE #F06D61   EDGE #333333
0 !COLOUR Pink                                                  CODE    13   VALUE #F6A9BB   EDGE #333333
0 !COLOUR Yellow                                                CODE    14   VALUE #FAC80A   EDGE #333333
0 !COLOUR White                                                 CODE    15   VALUE #F4F4F4   EDGE #333333
0 !COLOUR Light_Green                                           CODE    17   VALUE #ADD9A8   EDGE #333333
0 !COLOUR Light_Yellow                                          CODE    18   VALUE #FFD67F   EDGE #333333
0 !COLOUR Tan                                                   CODE    19   VALUE #D7BA8C   EDGE #333333
0 !COLOUR Light_Violet                                          CODE    20   VALUE #AFBED6   EDGE #333333
0 !COLOUR Purple                                                CODE    22   VALUE #671F81   EDGE #333333
0 !COLOUR Dark_Blue_Violet                                      CODE    23   VALUE #0E3E9A   EDGE #333333
0 !COLOUR Orange                                                CODE    25   VALUE #D67923   EDGE #333333
0 !COLOUR Magenta                                               CODE    26   VALUE #901F76   EDGE #333333
0 !COLOUR Lime                                                  CODE    27   VALUE #A5CA18   EDGE #333333
0 !COLOUR Dark_Tan                                              CODE    28   VALUE #897D62   EDGE #333333
0 !COLOUR Bright_Pink                                           CODE    29   VALUE #FF9ECD   EDGE #333333
0 !COLOUR Medium_Lavender                                       CODE    30   VALUE #A06EB9   EDGE #333333
0 !COLOUR Lavender                                              CODE    31   VALUE #CDA4DE   EDGE #333333
0 !COLOUR Very_Light_Orange                                     CODE    68   VALUE #FDC383   EDGE #333333
0 !COLOUR Bright_Reddish_Lilac                                  CODE    69   VALUE #8A12A8   EDGE #333333
0 !COLOUR Reddish_Brown                                         CODE    70   VALUE #5F3109   EDGE #808080
0 !COLOUR Light_Bluish_Grey                                     CODE    71   VALUE #969696   EDGE #333333
0 !COLOUR Dark_Bluish_Grey                                      CODE    72   VALUE #646464   EDGE #333333
0 !COLOUR Medium_Blue                                           CODE    73   VALUE #7396C8   EDGE #333333
0 !COLOUR Medium_Green                                          CODE    74   VALUE #7FC475   EDGE #333333
0 !COLOUR Light_Pink                                            CODE    77   VALUE #FECCCF   EDGE #333333
0 !COLOUR Light_Nougat                                          CODE    78   VALUE #FFC995   EDGE #333333
0 !COLOUR Medium_Nougat                                         CODE    84   VALUE #AA7D55   EDGE #333333
0 !COLOUR Medium_Lilac                                          CODE    85   VALUE #441A91   EDGE #333333
0 !COLOUR Light_Brown                                           CODE    86   VALUE #7B5D41   EDGE #333333
0 !COLOUR Blue_Violet                                           CODE    89   VALUE #1C58A7   EDGE #333333
0 !COLOUR Nougat                                                CODE    92   VALUE #BB805A   EDGE #333333
0 !COLOUR Light_Salmon                                          CODE   100   VALUE #F9B7A5   EDGE #333333
0 !COLOUR Violet                                                CODE   110   VALUE #26469A   EDGE #333333
0 !COLOUR Medium_Violet                                         CODE   112   VALUE #4861AC   EDGE #333333
0 !COLOUR Medium_Lime                                           CODE   115   VALUE #B7D425   EDGE #333333
0 !COLOUR Aqua                                                  CODE   118   VALUE #9CD6CC   EDGE #333333
0 !COLOUR Light_Lime                                            CODE   120   VALUE #DEEA92   EDGE #333333
0 !COLOUR Light_Orange                                          CODE   121   VALUE #F89A39   EDGE #333333
0 !COLOUR Dark_Salmon                                           CODE   123   VALUE #EE5434   EDGE #333333
0 !COLOUR Spud_Orange                                           CODE   125   VALUE #F9A777   EDGE #333333
0 !COLOUR Dark_Nougat                                           CODE   128   VALUE #AD6140   EDGE #333333
0 !COLOUR Very_Light_Bluish_Grey                                CODE   151   VALUE #C8C8C8   EDGE #333333
0 !COLOUR Dark_Yellow                                           CODE   180   VALUE #DD982E   EDGE #333333
0 !COLOUR Bright_Light_Orange                                   CODE   191   VALUE #FCAC00   EDGE #333333
0 !COLOUR Bright_Light_Blue                                     CODE   212   VALUE #9DC3F7   EDGE #333333
0 !COLOUR Medium_Blue_Violet                                    CODE   213   VALUE #476FB6   EDGE #333333
0 !COLOUR Rust                                                  CODE   216   VALUE #872B17   EDGE #333333
0 !COLOUR Reddish_Lilac                                         CODE   218   VALUE #8E5597   EDGE #333333
0 !COLOUR Lilac                                                 CODE   219   VALUE #564E9D   EDGE #333333
0 !COLOUR Light_Lilac                                           CODE   220   VALUE #9195CA   EDGE #333333
0 !COLOUR Warm_Yellowish_Orange                                 CODE   225   VALUE #FAA964   EDGE #333333
0 !COLOUR Bright_Light_Yellow                                   CODE   226   VALUE #FFEC6C   EDGE #333333
0 !COLOUR Sky_Blue                                              CODE   232   VALUE #77C9D8   EDGE #333333
0 !COLOUR Dark_Blue                                             CODE   272   VALUE #19325A   EDGE #333333
0 !COLOUR Dark_Green                                            CODE   288   VALUE #00451A   EDGE #808080
0 !COLOUR Flamingo_Pink                                         CODE   295   VALUE #FF94C2   EDGE #333333
0 !COLOUR Dark_Brown                                            CODE   308   VALUE #352100   EDGE #808080
0 !COLOUR Maersk_Blue                                           CODE   313   VALUE #ABD9FF   EDGE #333333
0 !COLOUR Dark_Red                                              CODE   320   VALUE #720012   EDGE #333333
0 !COLOUR Dark_Azure                                            CODE   321   VALUE #469BC3   EDGE #333333
0 !COLOUR Medium_Azure                                          CODE   322   VALUE #68C3E2   EDGE #333333
0 !COLOUR Light_Aqua                                            CODE   323   VALUE #D3F2EA   EDGE #333333
0 !COLOUR Yellowish_Green                                       CODE   326   VALUE #E2F99A   EDGE #333333
0 !COLOUR Olive_Green                                           CODE   330   VALUE #77774E   EDGE #333333
0 !COLOUR Sand_Red                                              CODE   335   VALUE #88605E   EDGE #333333
0 !COLOUR Medium_Dark_Pink                                      CODE   351   VALUE #F785B1   EDGE #333333
0 !COLOUR Coral                                                 CODE   353   VALUE #FF6D77   EDGE #333333
0 !COLOUR Earth_Orange                                          CODE   366   VALUE #D86D2C   EDGE #333333
0 !COLOUR Neon_Yellow                                           CODE   368   VALUE #EDFF21   EDGE #333333
0 !COLOUR Medium_Brown                                          CODE   370   VALUE #755945   EDGE #333333
0 !COLOUR Medium_Tan                                            CODE   371   VALUE #CCA373   EDGE #333333
0 !COLOUR Sand_Purple                                           CODE   373   VALUE #75657D   EDGE #333333
0 !COLOUR Sand_Green                                            CODE   378   VALUE #708E7C   EDGE #333333
0 !COLOUR Sand_Blue                                             CODE   379   VALUE #70819A   EDGE #333333
0 !COLOUR Reddish_Orange                                        CODE   402   VALUE #CA4C0B   EDGE #333333
0 !COLOUR Sienna_Brown                                          CODE   422   VALUE #915C3C   EDGE #333333
0 !COLOUR Umber_Brown                                           CODE   423   VALUE #543F33   EDGE #333333
0 !COLOUR Ochre_Yellow                                          CODE   424   VALUE #DD9E47   EDGE #333333
0 !COLOUR Warm_Pink                                             CODE   430   VALUE #F79B9B   EDGE #333333
0 !COLOUR Bright_Blue_Violet                                    CODE   431   VALUE #665EA7   EDGE #333333
0 !COLOUR Fabuland_Brown                                        CODE   450   VALUE #D27744   EDGE #333333
0 !COLOUR Medium_Orange                                         CODE   462   VALUE #F58624   EDGE #333333
0 !COLOUR Dark_Orange                                           CODE   484   VALUE #91501C   EDGE #333333
0 !COLOUR Very_Light_Grey                                       CODE   503   VALUE #BCB4A5   EDGE #333333
0 !COLOUR Fabuland_Red                                          CODE   508   VALUE #C65127   EDGE #333333
0 !COLOUR Fabuland_Orange                                       CODE   509   VALUE #CF8A47   EDGE #333333
0 !COLOUR Fabuland_Lime                                         CODE   510   VALUE #ACE35A   EDGE #333333
0 !COLOUR Lemon                                                 CODE 10015   VALUE #FFF230   EDGE #333333
0 !COLOUR Rose_Pink                                             CODE 10017   VALUE #FF9494   EDGE #333333
0 !COLOUR Yellowish_Dark_Pink                                   CODE 10022   VALUE #D05098   EDGE #333333
0 !COLOUR Trans_Black_IR_Lens                                   CODE    32   VALUE #000000   EDGE #333333   ALPHA 245
0 !COLOUR Trans_Dark_Blue                                       CODE    33   VALUE #0020A0   EDGE #000B38   ALPHA 128
0 !COLOUR Trans_Green                                           CODE    34   VALUE #237841   EDGE #174F2B   ALPHA 128
0 !COLOUR Trans_Bright_Green                                    CODE    35   VALUE #56E646   EDGE #27AF18   ALPHA 128
0 !COLOUR Trans_Red                                             CODE    36   VALUE #C91A09   EDGE #660D05   ALPHA 128
0 !COLOUR Trans_Dark_Pink                                       CODE    37   VALUE #DF6695   EDGE #B9275F   ALPHA 128
0 !COLOUR Trans_Neon_Orange                                     CODE    38   VALUE #FF800D   EDGE #A85100   ALPHA 128
0 !COLOUR Trans_Very_Light_Blue                                 CODE    39   VALUE #C1DFF0   EDGE #6FB4DC   ALPHA 128
0 !COLOUR Trans_Brown                                           CODE    40   VALUE #635F52   EDGE #2A2823   ALPHA 128
0 !COLOUR Trans_Medium_Blue                                     CODE    41   VALUE #559AB7   EDGE #326276   ALPHA 128
0 !COLOUR Trans_Neon_Green                                      CODE    42   VALUE #C0FF00   EDGE #739900   ALPHA 128
0 !COLOUR Trans_Light_Blue                                      CODE    43   VALUE #AEE9EF   EDGE #59D1DE   ALPHA 128
0 !COLOUR Trans_Bright_Reddish_Lilac                            CODE    44   VALUE #96709F   EDGE #5F4365   ALPHA 128
0 !COLOUR Trans_Pink                                            CODE    45   VALUE #FC97AC   EDGE #F9345B   ALPHA 128
0 !COLOUR Trans_Yellow                                          CODE    46   VALUE #F5CD2F   EDGE #B49208   ALPHA 128
0 !COLOUR Trans_Clear                                           CODE    47   VALUE #FCFCFC   EDGE #C9C9C9   ALPHA 128
0 !COLOUR Trans_Purple                                          CODE    52   VALUE #A5A5CB   EDGE #6464A6   ALPHA 128
0 !COLOUR Trans_Neon_Yellow                                     CODE    54   VALUE #DAB000   EDGE #755E00   ALPHA 128
0 !COLOUR Trans_Orange                                          CODE    57   VALUE #F08F1C   EDGE #9E5C0A   ALPHA 128
0 !COLOUR Trans_Neon_Red                                        CODE   158   VALUE #F18EBB   EDGE #E63384   ALPHA 128
0 !COLOUR Trans_Bright_Light_Green                              CODE   227  VALUE #B5D96C    EDGE #86B22E   ALPHA 128
0 !COLOUR Trans_Bright_Light_Orange                             CODE   231  VALUE #FCB76D    EDGE #FA860A   ALPHA 128
0 !COLOUR Trans_Fire_Yellow                                     CODE   234  VALUE #FBE890    EDGE #F7D22B   ALPHA 128
0 !COLOUR Trans_Reddish_Lilac                                   CODE   284  VALUE #C281A5    EDGE #944771   ALPHA 128
0 !COLOUR Trans_Light_Green                                     CODE   285  VALUE #7DC291    EDGE #46955D   ALPHA 128
0 !COLOUR Trans_Light_Blue_Violet                               CODE   293  VALUE #6BABE4    EDGE #247BC6   ALPHA 128
0 !COLOUR Trans_Black                                           CODE 10375  VALUE #212121    EDGE #545454   ALPHA 128
0 !COLOUR Trans_White                                           CODE 11015  VALUE #F4F4F4    EDGE #C1C1C1   ALPHA 174
0 !COLOUR Trans_Tan                                             CODE 11019  VALUE #D7BA8C    EDGE #BC8D41   ALPHA 128
0 !COLOUR Chrome_Antique_Brass                                  CODE  60   VALUE #645A4C   EDGE #665B4D                               CHROME
0 !COLOUR Chrome_Blue                                           CODE  61   VALUE #6C96BF   EDGE #3D638A                               CHROME
0 !COLOUR Chrome_Green                                          CODE  62   VALUE #3CB371   EDGE #226741                               CHROME
0 !COLOUR Chrome_Pink                                           CODE  63   VALUE #AA4D8E   EDGE #632C52                               CHROME
0 !COLOUR Chrome_Black                                          CODE  64   VALUE #1B2A34   EDGE #3D5F76                               CHROME
0 !COLOUR Chrome_Gold                                           CODE 334   VALUE #DFC176   EDGE #C2982E                               CHROME
0 !COLOUR Chrome_Silver                                         CODE 383   VALUE #CECECE   EDGE #9C9C9C                               CHROME
0 !COLOUR Pearl_Black                                           CODE  83   VALUE #0A1327   EDGE #333333                               PEARLESCENT
0 !COLOUR Copper                                                CODE 134   VALUE #764D3B   EDGE #333333                               PEARLESCENT
0 !COLOUR Pearl_Light_Grey                                      CODE 135   VALUE #A0A0A0   EDGE #333333                               PEARLESCENT
0 !COLOUR Metallic_Blue                                         CODE 137   VALUE #5B7590   EDGE #333333                               PEARLESCENT
0 !COLOUR Pearl_Light_Gold                                      CODE 142   VALUE #DEAC66   EDGE #333333                               PEARLESCENT
0 !COLOUR Pearl_Dark_Gold                                       CODE 147   VALUE #83724F   EDGE #333333                               PEARLESCENT
0 !COLOUR Pearl_Dark_Grey                                       CODE 148   VALUE #484D48   EDGE #333333                               PEARLESCENT
0 !COLOUR Pearl_Very_Light_Grey                                 CODE 150   VALUE #989B99   EDGE #333333                               PEARLESCENT
0 !COLOUR Pearl_Red                                             CODE 176   VALUE #945148   EDGE #333333                               PEARLESCENT
0 !COLOUR Pearl_Yellow                                          CODE 178   VALUE #AB673A   EDGE #333333                               PEARLESCENT
0 !COLOUR Pearl_Silver                                          CODE 179   VALUE #898788   EDGE #333333                               PEARLESCENT
0 !COLOUR Pearl_White                                           CODE 183   VALUE #F6F2DF   EDGE #333333                               PEARLESCENT
0 !COLOUR Metallic_Bright_Red                                   CODE 184   VALUE #D60026   EDGE #333333                               PEARLESCENT
0 !COLOUR Metallic_Bright_Blue                                  CODE 185   VALUE #0059A3   EDGE #333333                               PEARLESCENT
0 !COLOUR Metallic_Dark_Green                                   CODE 186   VALUE #008E3C   EDGE #333333                               PEARLESCENT
0 !COLOUR Pearl_Brown                                           CODE 187   VALUE #57392C   EDGE #333333                               PEARLESCENT
0 !COLOUR Reddish_Gold                                          CODE 189   VALUE #AC8247   EDGE #333333                               PEARLESCENT
0 !COLOUR Lemon_Metallic                                        CODE 200   VALUE #708224   EDGE #333333                               PEARLESCENT
0 !COLOUR Cool_Silver                                           CODE 296   VALUE #ADADAD   EDGE #333333                               PEARLESCENT
0 !COLOUR Pearl_Gold                                            CODE 297   VALUE #AA7F2E   EDGE #333333                               PEARLESCENT
0 !COLOUR Flat_Silver                                           CODE 315   VALUE #8C8C8C   EDGE #333333                               PEARLESCENT
0 !COLOUR Titanium_Metallic                                     CODE 316   VALUE #3E3C39   EDGE #333333                               PEARLESCENT
0 !COLOUR Conductive_Black                                      CODE 342   VALUE #3E3C39   EDGE #333333                               PEARLESCENT
0 !COLOUR Reddish_Copper                                        CODE 346   VALUE #803D07   EDGE #333333                               PEARLESCENT
0 !COLOUR Metallic_Silver                                       CODE    80   VALUE #767676   EDGE #333333                               METAL
0 !COLOUR Metallic_Green                                        CODE    81   VALUE #C2C06F   EDGE #333333                               METAL
0 !COLOUR Metallic_Gold                                         CODE    82   VALUE #DBAC34   EDGE #333333                               METAL
0 !COLOUR Metallic_Dark_Grey                                    CODE    87   VALUE #3E3C39   EDGE #333333                               METAL
0 !COLOUR Metallic_Copper                                       CODE   300   VALUE #C27F53   EDGE #333333                               METAL
0 !COLOUR Metallic_Light_Blue                                   CODE 10045   VALUE #97CBD9   EDGE #333333                               METAL
0 !COLOUR Metallic_Pink                                         CODE 10046   VALUE #AD659A   EDGE #333333                               METAL
0 !COLOUR Metallic_Light_Pink                                   CODE 10049   VALUE #FECCCF   EDGE #333333                               METAL
0 !COLOUR Fluorescent_Red_Ink                                   CODE   332   VALUE #D06D4F   EDGE #333333
0 !COLOUR Fluorescent_Green_Ink                                 CODE   333   VALUE #DBEA7A   EDGE #333333
0 !COLOUR Glow_In_Dark_Opaque                                   CODE    21   VALUE #E0FFB0   EDGE #B8FF4D   ALPHA 245   LUMINANCE 15
0 !COLOUR Milky_White                                           CODE    79   VALUE #EEEEEE   EDGE #BABABA   ALPHA 240
0 !COLOUR Glow_In_Dark_Trans                                    CODE   294   VALUE #BDC6AD   EDGE #8D9D72   ALPHA 200   LUMINANCE 15
0 !COLOUR Glow_In_Dark_White                                    CODE   329   VALUE #F5F3D7   EDGE #E0DA85   ALPHA 245   LUMINANCE 15
0 !COLOUR Glitter_Trans_Dark_Pink                               CODE   114   VALUE #DF6695   EDGE #B9275F   ALPHA 128                   MATERIAL GLITTER VALUE #B92790 FRACTION 0.17 VFRACTION 0.2 SIZE 1
0 !COLOUR Glitter_Trans_Clear                                   CODE   117   VALUE #EEEEEE   EDGE #BABABA   ALPHA 128                   MATERIAL GLITTER VALUE #FFFFFF FRACTION 0.08 VFRACTION 0.1 SIZE 1
0 !COLOUR Glitter_Trans_Purple                                  CODE   129   VALUE #640061   EDGE #000000   ALPHA 128                   MATERIAL GLITTER VALUE #8F00CC FRACTION 0.03 VFRACTION 0.4 SIZE 1
0 !COLOUR Glitter_Trans_Light_Blue                              CODE   302   VALUE #AEE9EF   EDGE #59D1DE   ALPHA 128                   MATERIAL GLITTER VALUE #59DEBF FRACTION 0.17 VFRACTION 0.2 SIZE 1
0 !COLOUR Glitter_Trans_Neon_Green                              CODE   339   VALUE #C0FF00   EDGE #739900   ALPHA 128                   MATERIAL GLITTER VALUE #998C00 FRACTION 0.17 VFRACTION 0.2 SIZE 1 
0 !COLOUR Glitter_Trans_Orange                                  CODE   341   VALUE #F08F1C   EDGE #9E5C0A   ALPHA 128                   MATERIAL GLITTER VALUE #9E2A0A FRACTION 0.17 VFRACTION 0.2 SIZE 1
0 !COLOUR Glitter_Trans_Bright_Green                            CODE 10351   VALUE #56E646   EDGE #27AF18   ALPHA 128                   MATERIAL GLITTER VALUE #59AF18 FRACTION 0.17 VFRACTION 0.2 SIZE 1
0 !COLOUR Opal_Trans_Clear                                      CODE   360   VALUE #FCFCFC   EDGE #C9C9C9   ALPHA 240   LUMINANCE 5     MATERIAL GLITTER VALUE #FFFFFF FRACTION 0.8 VFRACTION 0.6 MINSIZE 0.02 MAXSIZE 0.1
0 !COLOUR Opal_Trans_Light_Blue                                 CODE   362   VALUE #AEE9EF   EDGE #59D1DE   ALPHA 200   LUMINANCE 5     MATERIAL GLITTER VALUE #59DEBF FRACTION 0.8 VFRACTION 0.6 MINSIZE 0.02 MAXSIZE 0.1
0 !COLOUR Opal_Trans_Black                                      CODE   363   VALUE #635F52   EDGE #2A2823   ALPHA 200   LUMINANCE 5     MATERIAL GLITTER VALUE #7781C9 FRACTION 0.8 VFRACTION 0.6 MINSIZE 0.02 MAXSIZE 0.1
0 !COLOUR Opal_Trans_Dark_Pink                                  CODE   364   VALUE #DF6695   EDGE #B9275F   ALPHA 200   LUMINANCE 5     MATERIAL GLITTER VALUE #B92790 FRACTION 0.8 VFRACTION 0.6 MINSIZE 0.02 MAXSIZE 0.1
0 !COLOUR Opal_Trans_Purple                                     CODE   365   VALUE #671F81   EDGE #441456   ALPHA 200   LUMINANCE 5     MATERIAL GLITTER VALUE #2F1456 FRACTION 0.8 VFRACTION 0.6 MINSIZE 0.02 MAXSIZE 0.1
0 !COLOUR Opal_Trans_Bright_Green                               CODE   367   VALUE #56E646   EDGE #27AF18   ALPHA 200   LUMINANCE 5     MATERIAL GLITTER VALUE #0B270B FRACTION 0.8 VFRACTION 0.6 MINSIZE 0.02 MAXSIZE 0.1
0 !COLOUR Opal_Trans_Yellow                                     CODE   376   VALUE #F5CD2F   EDGE #B49208   ALPHA 200   LUMINANCE 5     MATERIAL GLITTER VALUE #B45908 FRACTION 0.8 VFRACTION 0.6 MINSIZE 0.02 MAXSIZE 0.1
0 !COLOUR Opal_Trans_Dark_Blue                                  CODE 10366   VALUE #0020A0   EDGE #000B38   ALPHA 200   LUMINANCE 5     MATERIAL GLITTER VALUE #001D38 FRACTION 0.8 VFRACTION 0.6 MINSIZE 0.02 MAXSIZE 0.1
0 !COLOUR Speckle_Black_Copper                                  CODE  75     VALUE #000000   EDGE #AB6038                               MATERIAL SPECKLE VALUE #AB6038 FRACTION 0.4 MINSIZE 1 MAXSIZE 3
0 !COLOUR Speckle_Dark_Bluish_Grey_Silver                       CODE  76     VALUE #635F61   EDGE #898788                               MATERIAL SPECKLE VALUE #898788 FRACTION 0.4 MINSIZE 1 MAXSIZE 3
0 !COLOUR Speckle_Black_Silver                                  CODE 132     VALUE #000000   EDGE #898788                               MATERIAL SPECKLE VALUE #898788 FRACTION 0.4 MINSIZE 1 MAXSIZE 3
0 !COLOUR Speckle_Black_Gold                                    CODE 133     VALUE #000000   EDGE #DBAC34                               MATERIAL SPECKLE VALUE #DBAC34 FRACTION 0.4 MINSIZE 1 MAXSIZE 3
0 !COLOUR Modulex_Clear                                         CODE 30000   VALUE #FCFCFC   EDGE #C9C9C9      ALPHA 128
0 !COLOUR Modulex_White                                         CODE 30001   VALUE #F4F4F4   EDGE #333333
0 !COLOUR Modulex_Light_Grey                                    CODE 30002   VALUE #8A928D   EDGE #333333
0 !COLOUR Modulex_Black                                         CODE 30003   VALUE #34434D   EDGE #333333
0 !COLOUR Modulex_Terracotta                                    CODE 30004   VALUE #D27744   EDGE #333333
0 !COLOUR Modulex_Buff                                          CODE 30005   VALUE #D7BA8C   EDGE #333333
0 !COLOUR Modulex_Ochre_Yellow                                  CODE 30006   VALUE #FED557   EDGE #333333
0 !COLOUR Modulex_Olive_Green                                   CODE 30007   VALUE #7C9051   EDGE #333333
0 !COLOUR Modulex_Teal_Blue                                     CODE 30008   VALUE #467083   EDGE #333333
0 !COLOUR Modulex_Brown                                         CODE 30009   VALUE #907450   EDGE #333333
0 !COLOUR Modulex_Strong_Red                                    CODE 30010   VALUE #B40000   EDGE #333333
0 !COLOUR Modulex_Pastel_Blue                                   CODE 30011   VALUE #ABD9FF   EDGE #333333
0 !COLOUR Modulex_Orange                                        CODE 30012   VALUE #D86D2C   EDGE #333333
0 !COLOUR Modulex_Red                                           CODE 30013   VALUE #C65127   EDGE #333333
0 !COLOUR Modulex_Pastel_Green                                  CODE 30014   VALUE #78FC78   EDGE #333333
0 !COLOUR Modulex_Lemon                                         CODE 30015   VALUE #FFF230   EDGE #333333
0 !COLOUR Modulex_Pink                                          CODE 30016   VALUE #F785B1   EDGE #333333
0 !COLOUR Modulex_Light_Bluish_Grey                             CODE 30032   VALUE #AFB5C7   EDGE #333333
0 !COLOUR Modulex_Pink_Red                                      CODE 30033   VALUE #F45C40   EDGE #333333
0 !COLOUR Modulex_Aqua_Green                                    CODE 30034   VALUE #27867E   EDGE #333333
0 !COLOUR Modulex_Light_Yellow                                  CODE 30035   VALUE #FFE371   EDGE #333333
0 !COLOUR Modulex_Violet                                        CODE 30037   VALUE #BD7D85   EDGE #333333
0 !COLOUR Modulex_Medium_Blue                                   CODE 30038   VALUE #61AFFF   EDGE #333333
0 !COLOUR Modulex_Light_Orange                                  CODE 30039   VALUE #F7AD63   EDGE #333333
0 !COLOUR Modulex_Charcoal_Grey                                 CODE 30040   VALUE #595D60   EDGE #333333
0 !COLOUR Modulex_Dark_Brown                                    CODE 30054   VALUE #330000   EDGE #808080
0 !COLOUR Modulex_Foil_White                                    CODE 30080   VALUE #F4F4F4   EDGE #333333 
0 !COLOUR Modulex_Foil_Black                                    CODE 30081   VALUE #34434D   EDGE #333333 
0 !COLOUR Modulex_Foil_Dark_Grey                                CODE 30082   VALUE #595D60   EDGE #333333 
0 !COLOUR Modulex_Foil_Light_Grey                               CODE 30083   VALUE #9C9C9C   EDGE #333333 
0 !COLOUR Modulex_Foil_Dark_Green                               CODE 30084   VALUE #006400   EDGE #808080 
0 !COLOUR Modulex_Foil_Light_Green                              CODE 30085   VALUE #7DB538   EDGE #333333 
0 !COLOUR Modulex_Foil_Dark_Blue                                CODE 30086   VALUE #0057A6   EDGE #333333 
0 !COLOUR Modulex_Foil_Light_Blue                               CODE 30087   VALUE #68AECE   EDGE #333333 
0 !COLOUR Modulex_Foil_Violet                                   CODE 30088   VALUE #4B0082   EDGE #333333 
0 !COLOUR Modulex_Foil_Dark_Red                                 CODE 30089   VALUE #8B0000   EDGE #333333 
0 !COLOUR Modulex_Foil_Yellow                                   CODE 30090   VALUE #FED557   EDGE #333333 
0 !COLOUR Modulex_Foil_Orange                                   CODE 30091   VALUE #F7AD63   EDGE #333333
0 !COLOUR Modulex_Dark_Grey                                     CODE 31000    VALUE #6B5A5A   EDGE #333333
0 !COLOUR Modulex_Blue                                          CODE 31001    VALUE #0057A6   EDGE #333333
0 !COLOUR Modulex_Very_Light_Grey                               CODE 31002    VALUE #D9D5CC   EDGE #333333
0 !COLOUR Rubber_Yellow                                         CODE    65 VALUE #FAC80A   EDGE #333333                               RUBBER
0 !COLOUR Rubber_Black                                          CODE   256 VALUE #1B2A34   EDGE #808080                               RUBBER
0 !COLOUR Rubber_Blue                                           CODE   273 VALUE #1E5AA8   EDGE #333333                               RUBBER
0 !COLOUR Rubber_Red                                            CODE   324 VALUE #B40000   EDGE #333333                               RUBBER
0 !COLOUR Rubber_Orange                                         CODE   350 VALUE #D67923   EDGE #333333                               RUBBER
0 !COLOUR Rubber_Light_Grey                                     CODE   375 VALUE #8A928D   EDGE #333333                               RUBBER
0 !COLOUR Rubber_Dark_Blue                                      CODE   406 VALUE #19325A   EDGE #333333                               RUBBER
0 !COLOUR Rubber_Purple                                         CODE   449 VALUE #671F81   EDGE #333333                               RUBBER
0 !COLOUR Rubber_Lime                                           CODE   490 VALUE #A5CA18   EDGE #333333                               RUBBER
0 !COLOUR Rubber_Light_Bluish_Grey                              CODE   496 VALUE #969696   EDGE #333333                               RUBBER
0 !COLOUR Rubber_Flat_Silver                                    CODE   504 VALUE #898788   EDGE #333333                               RUBBER
0 !COLOUR Rubber_White                                          CODE   511 VALUE #F4F4F4   EDGE #333333                               RUBBER
0 !COLOUR Rubber_Green                                          CODE 10002 VALUE #00852B   EDGE #333333                               RUBBER
0 !COLOUR Rubber_Dark_Turquoise                                 CODE 10003 VALUE #069D9F   EDGE #333333                               RUBBER
0 !COLOUR Rubber_Dark_Pink                                      CODE 10005 VALUE #D3359D   EDGE #333333                               RUBBER
0 !COLOUR Rubber_Dark_Grey                                      CODE 10008 VALUE #545955   EDGE #333333                               RUBBER
0 !COLOUR Rubber_Bright_Green                                   CODE 10010 VALUE #58AB41   EDGE #333333                               RUBBER
0 !COLOUR Rubber_Tan                                            CODE 10019 VALUE #D7BA8C   EDGE #333333                               RUBBER
0 !COLOUR Rubber_Magenta                                        CODE 10026 VALUE #901F76   EDGE #333333                               RUBBER
0 !COLOUR Rubber_Dark_Tan                                       CODE 10028 VALUE #897D62   EDGE #333333                               RUBBER
0 !COLOUR Rubber_Bright_Pink                                    CODE 10029 VALUE #FF9ECD   EDGE #333333                               RUBBER
0 !COLOUR Rubber_Medium_Lavender                                CODE 10030 VALUE #A06EB9   EDGE #333333                               RUBBER
0 !COLOUR Rubber_Lavender                                       CODE 10031 VALUE #CDA4DE   EDGE #333333                               RUBBER
0 !COLOUR Rubber_Reddish_Brown                                  CODE 10070 VALUE #5F3109   EDGE #808080                               RUBBER
0 !COLOUR Rubber_Dark_Bluish_Grey                               CODE 10072 VALUE #646464   EDGE #333333                               RUBBER
0 !COLOUR Rubber_Medium_Blue                                    CODE 10073 VALUE #7396C8   EDGE #333333                               RUBBER
0 !COLOUR Rubber_Light_Nougat                                   CODE 10078 VALUE #FFC995   EDGE #333333                               RUBBER
0 !COLOUR Rubber_Medium_Nougat                                  CODE 10084 VALUE #AA7D55   EDGE #333333                               RUBBER
0 !COLOUR Rubber_Medium_Lilac                                   CODE 10085 VALUE #441A91   EDGE #333333                               RUBBER
0 !COLOUR Rubber_Nougat                                         CODE 10092 VALUE #BB805A   EDGE #333333                               RUBBER
0 !COLOUR Rubber_Pearl_Light_Grey                               CODE 10135 VALUE #A0A0A0   EDGE #333333                               RUBBER
0 !COLOUR Rubber_Metallic_Blue                                  CODE 10137 VALUE #5B7590   EDGE #333333                               RUBBER
0 !COLOUR Rubber_Pearl_Dark_Gold                                CODE 10147 VALUE #83724F   EDGE #333333                               RUBBER
0 !COLOUR Rubber_Pearl_Dark_Grey                                CODE 10148 VALUE #484D48   EDGE #333333                               RUBBER
0 !COLOUR Rubber_Pearl_Very_Light_Grey                          CODE 10150 VALUE #989B99   EDGE #333333                               RUBBER
0 !COLOUR Rubber_Very_Light_Bluish_Grey                         CODE 10151 VALUE #C8C8C8   EDGE #333333                               RUBBER
0 !COLOUR Rubber_Reddish_Gold                                   CODE 10189 VALUE #AC8247   EDGE #333333                               RUBBER
0 !COLOUR Rubber_Bright_Light_Orange                            CODE 10191 VALUE #FCAC00   EDGE #333333                               RUBBER
0 !COLOUR Rubber_Lemon_Metallic                                 CODE 10200 VALUE #708224   EDGE #333333                               RUBBER
0 !COLOUR Rubber_Bright_Light_Blue                              CODE 10212 VALUE #9DC3F7   EDGE #333333                               RUBBER
0 !COLOUR Rubber_Bright_Light_Yellow                            CODE 10226 VALUE #FFEC6C   EDGE #333333                               RUBBER
0 !COLOUR Rubber_Dark_Green                                     CODE 10288 VALUE #00451A   EDGE #808080                               RUBBER
0 !COLOUR Rubber_Pearl_Gold                                     CODE 10297 VALUE #AA7F2E   EDGE #333333                               RUBBER
0 !COLOUR Rubber_Dark_Brown                                     CODE 10308 VALUE #352100   EDGE #808080                               RUBBER
0 !COLOUR Rubber_Dark_Red                                       CODE 10320 VALUE #720012   EDGE #333333                               RUBBER
0 !COLOUR Rubber_Dark_Azure                                     CODE 10321 VALUE #469BC3   EDGE #333333                               RUBBER
0 !COLOUR Rubber_Medium_Azure                                   CODE 10322 VALUE #68C3E2   EDGE #333333                               RUBBER
0 !COLOUR Rubber_Light_Aqua                                     CODE 10323 VALUE #D3F2EA   EDGE #333333                               RUBBER
0 !COLOUR Rubber_Yellowish_Green                                CODE 10326 VALUE #E2F99A   EDGE #333333                               RUBBER
0 !COLOUR Rubber_Olive_Green                                    CODE 10330 VALUE #77774E   EDGE #333333                               RUBBER
0 !COLOUR Rubber_Sand_Green                                     CODE 10378 VALUE #708E7C   EDGE #333333                               RUBBER
0 !COLOUR Rubber_Dark_Orange                                    CODE 10484 VALUE #91501C   EDGE #333333                               RUBBER
0 !COLOUR Rubber_Trans_Yellow                                   CODE 66    VALUE #F5CD2F   EDGE #B49208   ALPHA 128                   RUBBER
0 !COLOUR Rubber_Trans_Clear                                    CODE 67    VALUE #FCFCFC   EDGE #C9C9C9   ALPHA 128                   RUBBER
0 !COLOUR Rubber_Trans_Bright_Green                             CODE 10035 VALUE #56E646   EDGE #27AF18   ALPHA 128                   RUBBER
0 !COLOUR Rubber_Trans_Red                                      CODE 10036 VALUE #C91A09   EDGE #660D05   ALPHA 128                   RUBBER
0 !COLOUR Rubber_Trans_Light_Blue                               CODE 10043 VALUE #AEE9EF   EDGE #59D1DE   ALPHA 128                   RUBBER
0 !COLOUR Rubber_Trans_Orange                                   CODE 10057 VALUE #F08F1C   EDGE #9E5C0A   ALPHA 128                   RUBBER
0 !COLOUR Rubber_Milky_White                                    CODE 10079 VALUE #EEEEEE   EDGE #BABABA   ALPHA 240                   RUBBER
0 !COLOUR Canvas_Black                                          CODE 20000 VALUE #1B2A34   EDGE #808080                               MATERIAL FABRIC CANVAS
0 !COLOUR Canvas_Blue                                           CODE 20001 VALUE #1E5AA8   EDGE #333333                               MATERIAL FABRIC CANVAS
0 !COLOUR Canvas_Green                                          CODE 20002 VALUE #00852B   EDGE #333333                               MATERIAL FABRIC CANVAS
0 !COLOUR Canvas_Red                                            CODE 20004 VALUE #B40000   EDGE #333333                               MATERIAL FABRIC CANVAS
0 !COLOUR Canvas_Brown                                          CODE 20006 VALUE #543324   EDGE #1E1E1E                               MATERIAL FABRIC CANVAS
0 !COLOUR Canvas_Light_Grey                                     CODE 20007 VALUE #8A928D   EDGE #333333                               MATERIAL FABRIC CANVAS
0 !COLOUR Canvas_Bright_Green                                   CODE 20010 VALUE #58AB41   EDGE #333333                               MATERIAL FABRIC CANVAS
0 !COLOUR Canvas_Yellow                                         CODE 20014 VALUE #FAC80A   EDGE #333333                               MATERIAL FABRIC CANVAS
0 !COLOUR Canvas_White                                          CODE 20015 VALUE #F4F4F4   EDGE #333333                               MATERIAL FABRIC CANVAS
0 !COLOUR Canvas_Tan                                            CODE 20019 VALUE #D7BA8C   EDGE #333333                               MATERIAL FABRIC CANVAS
0 !COLOUR Canvas_Purple                                         CODE 20022 VALUE #671F81   EDGE #333333                               MATERIAL FABRIC CANVAS
0 !COLOUR Canvas_Dark_Tan                                       CODE 20028 VALUE #897D62   EDGE #333333                               MATERIAL FABRIC CANVAS
0 !COLOUR Canvas_Reddish_Brown                                  CODE 20070 VALUE #5F3109   EDGE #808080                               MATERIAL FABRIC CANVAS
0 !COLOUR Canvas_Light_Bluish_Grey                              CODE 20071 VALUE #969696   EDGE #333333                               MATERIAL FABRIC CANVAS
0 !COLOUR Canvas_Dark_Bluish_Grey                               CODE 20072 VALUE #646464   EDGE #333333                               MATERIAL FABRIC CANVAS
0 !COLOUR Canvas_Light_Brown                                    CODE 20086 VALUE #7B5D41   EDGE #333333                               MATERIAL FABRIC CANVAS
0 !COLOUR Canvas_Dark_Green                                     CODE 20288 VALUE #00451A   EDGE #808080                               MATERIAL FABRIC CANVAS
0 !COLOUR Canvas_Dark_Red                                       CODE 20320 VALUE #720012   EDGE #333333                               MATERIAL FABRIC CANVAS
0 !COLOUR Canvas_Sand_Red                                       CODE 20335 VALUE #88605E   EDGE #333333                               MATERIAL FABRIC CANVAS
0 !COLOUR Canvas_Cream                                          CODE 20500 VALUE #F8F3E4   EDGE #333333                               MATERIAL FABRIC CANVAS
0 !COLOUR Obsolete_Light_Orange_Brown                           CODE  507  VALUE #FA9C1C   EDGE #333333
0 !COLOUR Main_Colour                                           CODE  16   VALUE #FFFF80   EDGE #333333
0 !COLOUR Edge_Colour                                           CODE  24   VALUE #7F7F7F   EDGE #333333
0 !COLOUR Magnet                                                CODE 493   VALUE #656761   EDGE #333333                               METAL
0 !COLOUR Electric_Contact_Alloy                                CODE 494   VALUE #D0D0D0   EDGE #333333                               METAL
0 !COLOUR Electric_Contact_Copper                               CODE 495   VALUE #AE7A59   EDGE #333333                               METAL
0 !COLOUR Trans_Sticker                                         CODE 10047 VALUE #FFFFFF   EDGE #FFFFFF   ALPHA 16
0 FILE 1-4cyls.dat
0 Cylinder Sloped 0.25
0 Name: 1-4cyls.dat
0 Author: James Jessiman
0 !LDRAW_ORG Primitive UPDATE 2012-01
0 !LICENSE Licensed under CC BY 4.0 : see CAreadme.txt

0 BFC CERTIFY CCW

0 !HISTORY 1998-12-15 [PTadmin] Official Update 1998-10
0 !HISTORY 2002-07-03 [sbliss] Added BFC statement
0 !HISTORY 2002-08-18 [PTadmin] Official Update 2002-04
0 !HISTORY 2007-06-22 [PTadmin] Header formatted for Contributor Agreement
0 !HISTORY 2008-07-01 [PTadmin] Official Update 2008-01
0 !HISTORY 2012-02-16 [Philo] Changed to CCW
0 !HISTORY 2012-03-30 [PTadmin] Official Update 2012-01


3 16 0.9239 0.0761 0.3827 0.9239 0 0.3827 1 0 0
4 16 0.9239 0.0761 0.3827 0.7071 0.2929 0.7071 0.7071 0 0.7071 0.9239 0 0.3827
4 16 0.7071 0.2929 0.7071 0.3827 0.6173 0.9239 0.3827 0 0.9239 0.7071 0 0.7071
4 16 0.3827 0.6173 0.9239 0 1 1 0 0 1 0.3827 0 0.9239

5 24 0.9239 0 0.3827 0.9239 0.0761 0.3827 0.7071 0 0.7071 1 0 0
5 24 0.7071 0 0.7071 0.7071 0.2929 0.7071 0.3827 0 0.9239 0.9239 0 0.3827
5 24 0.3827 0 0.9239 0.3827 0.6173 0.9239 0 0 1 0.7071 0 0.7071
5 24 0 0 1 0 1 1 0.3827 0 0.9239 -1 0 1
0 FILE 2-4chrd.dat
0 Chord 0.5
0 Name: 2-4chrd.dat
0 Author: Philippe Hurbain [Philo]
0 !LDRAW_ORG Primitive UPDATE 2014-01
0 !LICENSE Licensed under CC BY 4.0 : see CAreadme.txt

0 BFC CERTIFY CCW

0 !HISTORY 2014-06-21 [PTadmin] Official Update 2014-01


4 16 0.9239 0 0.3827 -0.9239 0 0.3827 -1 0 0 1 0 0
4 16 0.7071 0 0.7071 -0.7071 0 0.7071 -0.9239 0 0.3827 0.9239 0 0.3827
4 16 0.3827 0 0.9239 -0.3827 0 0.9239 -0.7071 0 0.7071 0.7071 0 0.7071
3 16 0 0 1 -0.3827 0 0.9239 0.3827 0 0.9239
0 FILE 2-4cyli.dat
0 Cylinder 0.5
0 Name: 2-4cyli.dat
0 Author: James Jessiman
0 !LDRAW_ORG Primitive UPDATE 2005-01
0 !LICENSE Licensed under CC BY 4.0 : see CAreadme.txt

0 BFC CERTIFY CCW

0 !HISTORY 2002-03-23 [sbliss] Added BFC statement; compacted code
0 !HISTORY 2002-04-25 [PTadmin] Official Update 2002-02
0 !HISTORY 2004-12-11 [nielsk] Recreated using Primitive Generator, Edge lines fixed, BFC changed to CCW
0 !HISTORY 2005-12-28 [PTadmin] Official Update 2005-01
0 !HISTORY 2007-06-24 [PTadmin] Header formatted for Contributor Agreement
0 !HISTORY 2008-07-01 [PTadmin] Official Update 2008-01


4 16 .9239 1 .3827 .9239 0 .3827 1 0 0 1 1 0
4 16 .7071 1 .7071 .7071 0 .7071 .9239 0 .3827 .9239 1 .3827
4 16 .3827 1 .9239 .3827 0 .9239 .7071 0 .7071 .7071 1 .7071
4 16 0 1 1 0 0 1 .3827 0 .9239 .3827 1 .9239
4 16 -.3827 1 .9239 -.3827 0 .9239 0 0 1 0 1 1
4 16 -.7071 1 .7071 -.7071 0 .7071 -.3827 0 .9239 -.3827 1 .9239
4 16 -.9239 1 .3827 -.9239 0 .3827 -.7071 0 .7071 -.7071 1 .7071
4 16 -1 1 0 -1 0 0 -.9239 0 .3827 -.9239 1 .3827
5 24 1 1 0 1 0 0 1 1 -.4142 .9239 1 .3827
5 24 .9239 1 .3827 .9239 0 .3827 1 1 0 .7071 1 .7071
5 24 .7071 1 .7071 .7071 0 .7071 .9239 1 .3827 .3827 1 .9239
5 24 .3827 1 .9239 .3827 0 .9239 .7071 1 .7071 0 1 1
5 24 0 1 1 0 0 1 .3827 1 .9239 -.3827 1 .9239
5 24 -.3827 1 .9239 -.3827 0 .9239 0 1 1 -.7071 1 .7071
5 24 -.7071 1 .7071 -.7071 0 .7071 -.3827 1 .9239 -.9239 1 .3827
5 24 -.9239 1 .3827 -.9239 0 .3827 -.7071 1 .7071 -1 1 0
5 24 -1 1 0 -1 0 0 -.9239 1 .3827 -1 1 -.4142
0
0 FILE 2-4edge.dat
0 Circle 0.5
0 Name: 2-4edge.dat
0 Author: James Jessiman
0 !LDRAW_ORG Primitive UPDATE 2017-01
0 !LICENSE Licensed under CC BY 4.0 : see CAreadme.txt

0 BFC CERTIFY CCW

0 !HISTORY 2007-06-24 [PTadmin] Header formatted for Contributor Agreement
0 !HISTORY 2008-07-01 [PTadmin] Official Update 2008-01
0 !HISTORY 2017-01-15 [Steffen] BFCed
0 !HISTORY 2017-12-30 [PTadmin] Official Update 2017-01


2 24 1 0 0 0.9239 0 0.3827
2 24 0.9239 0 0.3827 0.7071 0 0.7071
2 24 0.7071 0 0.7071 0.3827 0 0.9239
2 24 0.3827 0 0.9239 0 0 1
2 24 0 0 1 -0.3827 0 0.9239
2 24 -0.3827 0 0.9239 -0.7071 0 0.7071
2 24 -0.7071 0 0.7071 -0.9239 0 0.3827
2 24 -0.9239 0 0.3827 -1 0 0
0 FILE 2-4ndis.dat
0 Disc Negative 0.5
0 Name: 2-4ndis.dat
0 Author: James Jessiman
0 !LDRAW_ORG Primitive UPDATE 2012-01
0 !LICENSE Licensed under CC BY 4.0 : see CAreadme.txt

0 BFC CERTIFY CCW

0 !HISTORY 2002-03-23 [sbliss] Added BFC statement; compacted code
0 !HISTORY 2002-04-25 [PTadmin] Official Update 2002-02
0 !HISTORY 2007-06-24 [PTadmin] Header formatted for Contributor Agreement
0 !HISTORY 2008-07-01 [PTadmin] Official Update 2008-01
0 !HISTORY 2012-02-16 [Philo] Changed to CCW
0 !HISTORY 2012-03-30 [PTadmin] Official Update 2012-01


3 16 0.9239 0 0.3827 1 0 0 1 0 1
3 16 0.7071 0 0.7071 0.9239 0 0.3827 1 0 1
3 16 0.3827 0 0.9239 0.7071 0 0.7071 1 0 1
3 16 0 0 1 0.3827 0 0.9239 1 0 1
3 16 -0.3827 0 0.9239 0 0 1 -1 0 1
3 16 -0.7071 0 0.7071 -0.3827 0 0.9239 -1 0 1
3 16 -0.9239 0 0.3827 -0.7071 0 0.7071 -1 0 1
3 16 -1 0 0 -0.9239 0 0.3827 -1 0 1
0 FILE 3001.dat
0 Brick  2 x  4
0 Name: 3001.dat
0 Author: James Jessiman
0 !LDRAW_ORG Part UPDATE 2004-03
0 !LICENSE Licensed under CC BY 4.0 : see CAreadme.txt

0 BFC CERTIFY CCW

0 !HISTORY 2002-05-07 {unknown} BFC Certification
0 !HISTORY 2002-06-11 [PTadmin] Official Update 2002-03
0 !HISTORY 2004-02-08 [Steffen] used s\3001s01.dat
0 !HISTORY 2004-09-15 [PTadmin] Official Update 2004-03
0 !HISTORY 2007-05-07 [PTadmin] Header formatted for Contributor Agreement
0 !HISTORY 2008-07-01 [PTadmin] Official Update 2008-01


1 16 0 0 0 1 0 0 0 1 0 0 0 1 s\3001s01.dat
4 16 -40 0 -20 -40 24 -20 40 24 -20 40 0 -20
4 16 40 0 20 40 24 20 -40 24 20 -40 0 20
0
0 FILE 3002.dat
0 Brick  2 x  3
0 Name: 3002.dat
0 Author: James Jessiman
0 !LDRAW_ORG Part UPDATE 2003-03
0 !LICENSE Licensed under CC BY 4.0 : see CAreadme.txt

0 BFC CERTIFY CCW

0 !HISTORY 2001-10-26 [PTadmin] Official Update 2001-01
0 !HISTORY 2002-05-07 {unknown} BFC Certification
0 !HISTORY 2002-06-11 [PTadmin] Official Update 2002-03
0 !HISTORY 2003-07-03 [Steffen] Subfiled for patterns
0 !HISTORY 2003-12-19 [PTadmin] Official Update 2003-03
0 !HISTORY 2007-05-07 [PTadmin] Header formatted for Contributor Agreement
0 !HISTORY 2008-07-01 [PTadmin] Official Update 2008-01


1 16 0 0 0 1 0 0 0 1 0 0 0 1 s\3002s01.dat
4 16 -30 0 -20 -30 24 -20 30 24 -20 30 0 -20
0
0 FILE 3003.dat
0 Brick  2 x  2
0 Name: 3003.dat
0 Author: James Jessiman
0 !LDRAW_ORG Part UPDATE 2022-05
0 !LICENSE Licensed under CC BY 4.0 : see CAreadme.txt

0 BFC CERTIFY CCW

0 !HISTORY 2001-10-26 [PTadmin] Official Update 2001-01
0 !HISTORY 2002-05-07 {unknown} BFC Certification
0 !HISTORY 2002-06-11 [PTadmin] Official Update 2002-03
0 !HISTORY 2007-05-07 [PTadmin] Header formatted for Contributor Agreement
0 !HISTORY 2008-07-01 [PTadmin] Official Update 2008-01
0 !HISTORY 2022-08-04 [MagFors] Using subfile
0 !HISTORY 2022-09-15 [PTadmin] Official Update 2022-05


1 16 0 0 0 1 0 0 0 1 0 0 0 1 s\3003s01.dat
4 16 -20 24 -20 20 24 -20 20 0 -20 -20 0 -20
0 FILE 3004.dat
0 Brick  1 x  2
0 Name: 3004.dat
0 Author: James Jessiman
0 !LDRAW_ORG Part UPDATE 2022-05
0 !LICENSE Licensed under CC BY 4.0 : see CAreadme.txt

0 BFC CERTIFY CCW

0 !HISTORY 2001-10-26 [PTadmin] Official Update 2001-01
0 !HISTORY 2002-05-07 {unknown} BFC Certification
0 !HISTORY 2002-06-11 [PTadmin] Official Update 2002-03
0 !HISTORY 2007-05-07 [PTadmin] Header formatted for Contributor Agreement
0 !HISTORY 2008-07-01 [PTadmin] Official Update 2008-01
0 !HISTORY 2022-08-04 [MagFors] Using subfile
0 !HISTORY 2022-09-15 [PTadmin] Official Update 2022-05


1 16 0 0 0 1 0 0 0 1 0 0 0 1 s\3004s01.dat
4 16 -20 24 -10 20 24 -10 20 0 -10 -20 0 -10
0 FILE 3005.dat
0 Brick  1 x  1
0 Name: 3005.dat
0 Author: James Jessiman
0 !LDRAW_ORG Part UPDATE 2022-05
0 !LICENSE Licensed under CC BY 4.0 : see CAreadme.txt

0 BFC CERTIFY CCW

0 !HISTORY 2001-10-26 [PTadmin] Official Update 2001-01
0 !HISTORY 2002-05-07 {unknown} BFC Certification
0 !HISTORY 2002-06-11 [PTadmin] Official Update 2002-03
0 !HISTORY 2007-05-07 [PTadmin] Header formatted for Contributor Agreement
0 !HISTORY 2008-07-01 [PTadmin] Official Update 2008-01
0 !HISTORY 2022-08-04 [MagFors] Using subfile
0 !HISTORY 2022-09-15 [PTadmin] Official Update 2022-05


1 16 0 0 0 1 0 0 0 1 0 0 0 1 s\3005s01.dat
4 16 -10 24 -10 10 24 -10 10 0 -10 -10 0 -10
0 FILE 3009.dat
0 Brick  1 x  6
0 Name: 3009.dat
0 Author: James Jessiman
0 !LDRAW_ORG Part UPDATE 2003-03
0 !LICENSE Licensed under CC BY 4.0 : see CAreadme.txt

0 BFC CERTIFY CCW

0 !HISTORY 2001-10-26 [PTadmin] Official Update 2001-01
0 !HISTORY 2002-05-07 {unknown} BFC Certification
0 !HISTORY 2002-06-11 [PTadmin] Official Update 2002-03
0 !HISTORY 2003-07-03 [Steffen] Subfiled for patterning
0 !HISTORY 2003-12-19 [PTadmin] Official Update 2003-03
0 !HISTORY 2007-06-06 [PTadmin] Header formatted for Contributor Agreement
0 !HISTORY 2008-07-01 [PTadmin] Official Update 2008-01


1 16 0 0 0 1 0 0 0 1 0 0 0 1 s\3009s01.dat
4 16 -60 0 -10 -60 24 -10 60 24 -10 60 0 -10
0
0 FILE 3010.dat
0 Brick  1 x  4
0 Name: 3010.dat
0 Author: James Jessiman
0 !LDRAW_ORG Part UPDATE 2025-09
0 !LICENSE Licensed under CC BY 4.0 : see CAreadme.txt

0 BFC CERTIFY CCW

0 !HISTORY 2001-10-26 [PTadmin] Official Update 2001-01
0 !HISTORY 2002-05-07 {unknown} BFC Certification
0 !HISTORY 2002-06-11 [PTadmin] Official Update 2002-03
0 !HISTORY 2002-12-12 [hafhead] New subparted version
0 !HISTORY 2003-08-01 [PTadmin] Official Update 2003-02
0 !HISTORY 2007-06-06 [PTadmin] Header formatted for Contributor Agreement
0 !HISTORY 2008-07-01 [PTadmin] Official Update 2008-01
0 !HISTORY 2025-09-27 [OrionP] Changed winding to CCW
0 !HISTORY 2025-09-29 [OrionP] Official Update 2025-09

1 16 0 0 0 1 0 0 0 1 0 0 0 1 s\3010s01.dat
4 16 -40 24 -10 40 24 -10 40 0 -10 -40 0 -10
0
0 FILE 3020.dat
0 Plate  2 x  4
0 Name: 3020.dat
0 Author: James Jessiman
0 !LDRAW_ORG Part UPDATE 2002-03
0 !LICENSE Licensed under CC BY 4.0 : see CAreadme.txt

0 BFC CERTIFY CCW

0 !HISTORY 2001-10-26 [PTadmin] Official Update 2001-01
0 !HISTORY 2002-05-07 {unknown} BFC Certification
0 !HISTORY 2002-06-11 [PTadmin] Official Update 2002-03
0 !HISTORY 2007-06-07 [PTadmin] Header formatted for Contributor Agreement
0 !HISTORY 2008-07-01 [PTadmin] Official Update 2008-01


1 16 20 4 0 1 0 0 0 -1 0 0 0 1 stud4.dat
1 16 0 4 0 1 0 0 0 -1 0 0 0 1 stud4.dat
1 16 -20 4 0 1 0 0 0 -1 0 0 0 1 stud4.dat

0 BFC INVERTNEXT
1 16 0 8 0 36 0 0 0 -4 0 0 0 16 box5.dat

4 16 40 8 20 36 8 16 -36 8 16 -40 8 20
0 // Next Line was 4 16 40 8 -20 36 8 -16 -36 8 -16 -40 8 -20
4 16 -40 8 -20 -36 8 -16 36 8 -16 40 8 -20
0 // Next Line was 4 16 40 8 20 36 8 16 36 8 -16 40 8 -20
4 16 40 8 -20 36 8 -16 36 8 16 40 8 20
4 16 -40 8 20 -36 8 16 -36 8 -16 -40 8 -20

1 16 0 8 0 40 0 0 0 -8 0 0 0 20 box5.dat

1 16 30 0 10 1 0 0 0 1 0 0 0 1 stud.dat
1 16 10 0 10 1 0 0 0 1 0 0 0 1 stud.dat
1 16 -10 0 10 1 0 0 0 1 0 0 0 1 stud.dat
1 16 -30 0 10 1 0 0 0 1 0 0 0 1 stud.dat
1 16 30 0 -10 1 0 0 0 1 0 0 0 1 stud.dat
1 16 10 0 -10 1 0 0 0 1 0 0 0 1 stud.dat
1 16 -10 0 -10 1 0 0 0 1 0 0 0 1 stud.dat
1 16 -30 0 -10 1 0 0 0 1 0 0 0 1 stud.dat
0
0 FILE 3021.dat
0 Plate  2 x  3
0 Name: 3021.dat
0 Author: James Jessiman
0 !LDRAW_ORG Part UPDATE 2002-03
0 !LICENSE Licensed under CC BY 4.0 : see CAreadme.txt

0 BFC CERTIFY CCW

0 !HISTORY 2001-10-26 [PTadmin] Official Update 2001-01
0 !HISTORY 2002-05-07 {unknown} BFC Certification
0 !HISTORY 2002-06-11 [PTadmin] Official Update 2002-03
0 !HISTORY 2007-06-07 [PTadmin] Header formatted for Contributor Agreement
0 !HISTORY 2008-07-01 [PTadmin] Official Update 2008-01


1 16 10 4 0 1 0 0 0 -1 0 0 0 1 stud4.dat
1 16 -10 4 0 1 0 0 0 -1 0 0 0 1 stud4.dat

0 BFC INVERTNEXT
1 16 0 8 0 26 0 0 0 -4 0 0 0 16 box5.dat

4 16 30 8 20 26 8 16 -26 8 16 -30 8 20
0 // Next Line was 4 16 30 8 -20 26 8 -16 -26 8 -16 -30 8 -20
4 16 -30 8 -20 -26 8 -16 26 8 -16 30 8 -20
0 // Next Line was 4 16 30 8 20 26 8 16 26 8 -16 30 8 -20
4 16 30 8 -20 26 8 -16 26 8 16 30 8 20
4 16 -30 8 20 -26 8 16 -26 8 -16 -30 8 -20

1 16 0 8 0 30 0 0 0 -8 0 0 0 20 box5.dat

1 16 20 0 10 1 0 0 0 1 0 0 0 1 stud.dat
1 16 0 0 10 1 0 0 0 1 0 0 0 1 stud.dat
1 16 -20 0 10 1 0 0 0 1 0 0 0 1 stud.dat
1 16 20 0 -10 1 0 0 0 1 0 0 0 1 stud.dat
1 16 0 0 -10 1 0 0 0 1 0 0 0 1 stud.dat
1 16 -20 0 -10 1 0 0 0 1 0 0 0 1 stud.dat
0
0 FILE 3022.dat
0 Plate  2 x  2
0 Name: 3022.dat
0 Author: James Jessiman
0 !LDRAW_ORG Part UPDATE 2002-03
0 !LICENSE Licensed under CC BY 4.0 : see CAreadme.txt

0 BFC CERTIFY CCW

0 !HISTORY 2001-10-26 [PTadmin] Official Update 2001-01
0 !HISTORY 2002-05-07 {unknown} BFC Certification
0 !HISTORY 2002-06-11 [PTadmin] Official Update 2002-03
0 !HISTORY 2007-06-07 [PTadmin] Header formatted for Contributor Agreement
0 !HISTORY 2008-07-01 [PTadmin] Official Update 2008-01


1 16 0 4 0 1 0 0 0 -1 0 0 0 1 stud4.dat

0 BFC INVERTNEXT
1 16 0 8 0 16 0 0 0 -4 0 0 0 16 box5.dat

4 16 20 8 20 16 8 16 -16 8 16 -20 8 20
0 // Next Line was 4 16 20 8 -20 16 8 -16 -16 8 -16 -20 8 -20
4 16 -20 8 -20 -16 8 -16 16 8 -16 20 8 -20
0 // Next Line was 4 16 20 8 20 16 8 16 16 8 -16 20 8 -20
4 16 20 8 -20 16 8 -16 16 8 16 20 8 20
4 16 -20 8 20 -16 8 16 -16 8 -16 -20 8 -20

1 16 0 8 0 20 0 0 0 -8 0 0 0 20 box5.dat

1 16 10 0 10 1 0 0 0 1 0 0 0 1 stud.dat
1 16 -10 0 10 1 0 0 0 1 0 0 0 1 stud.dat
1 16 10 0 -10 1 0 0 0 1 0 0 0 1 stud.dat
1 16 -10 0 -10 1 0 0 0 1 0 0 0 1 stud.dat
0
0 FILE 3023.dat
0 ~Moved to 3023b
0 Name: 3023.dat
0 Author: Orion Pobursky [OrionP]
0 !LDRAW_ORG Part UPDATE 2024-07
0 !LICENSE Licensed under CC BY 4.0 : see CAreadme.txt

0 BFC CERTIFY CCW

0 !HISTORY 2023-06-24 [OrionP] Official Update 2023-03
0 !HISTORY 2024-08-10 [MagFors] Update description
0 !HISTORY 2024-08-26 [OrionP] Official Update 2024-07

1 16 0 0 0 1 0 0 0 1 0 0 0 1 3023b.dat
0 FILE 3023b.dat
0 Plate  1 x  2
0 Name: 3023b.dat
0 Author: James Jessiman
0 !LDRAW_ORG Part UPDATE 2023-03
0 !LICENSE Licensed under CC BY 4.0 : see CAreadme.txt

0 BFC CERTIFY CCW

0 !KEYWORDS BrickLink 3023, Rebrickable 3023

0 !HISTORY 2001-10-26 [PTadmin] Official Update 2001-01
0 !HISTORY 2002-05-07 {unknown} BFC Certification
0 !HISTORY 2002-06-11 [PTadmin] Official Update 2002-03
0 !HISTORY 2007-06-07 [PTadmin] Header formatted for Contributor Agreement
0 !HISTORY 2008-07-01 [PTadmin] Official Update 2008-01
0 !HISTORY 2020-03-07 [Sirio] Subparted
0 !HISTORY 2022-01-14 [PTadmin] Official Update 2022-01
0 !HISTORY 2023-05-26 [OrionP] Moved from 3023.dat
0 !HISTORY 2023-06-24 [OrionP] Official Update 2023-03


1 16 0 0 0 1 0 0 0 1 0 0 0 1 s\3023bs01.dat
4 16 -20 0 -10 -20 8 -10 20 8 -10 20 0 -10
0 FILE 3024.dat
0 Plate  1 x  1
0 Name: 3024.dat
0 Author: James Jessiman
0 !LDRAW_ORG Part UPDATE 2022-05
0 !LICENSE Licensed under CC BY 4.0 : see CAreadme.txt

0 BFC CERTIFY CCW

0 !HISTORY 2001-10-26 [PTadmin] Official Update 2001-01
0 !HISTORY 2002-05-07 {unknown} BFC Certification
0 !HISTORY 2002-06-11 [PTadmin] Official Update 2002-03
0 !HISTORY 2007-06-07 [PTadmin] Header formatted for Contributor Agreement
0 !HISTORY 2008-07-01 [PTadmin] Official Update 2008-01
0 !HISTORY 2022-08-04 [MagFors] Using subfile
0 !HISTORY 2022-09-15 [PTadmin] Official Update 2022-05


1 16 0 0 0 1 0 0 0 1 0 0 0 1 s\3024s01.dat
4 16 -10 8 -10 10 8 -10 10 0 -10 -10 0 -10
0 FILE 3039.dat
0 Slope Brick 45  2 x  2
0 Name: 3039.dat
0 Author: James Jessiman
0 !LDRAW_ORG Part UPDATE 2003-03
0 !LICENSE Licensed under CC BY 4.0 : see CAreadme.txt

0 BFC CERTIFY CCW

0 !HISTORY 2003-07-02 [Steffen] BFCed; re-worked part to use s\3039s01.dat
0 !HISTORY 2003-12-19 [PTadmin] Official Update 2003-03
0 !HISTORY 2007-06-09 [PTadmin] Header formatted for Contributor Agreement
0 !HISTORY 2008-07-01 [PTadmin] Official Update 2008-01


1 16 0 0 0 1 0 0 0 1 0 0 0 1 s\3039s01.dat
4 16 20 20 -30 20 0 -10 -20 0 -10 -20 20 -30
0
0 FILE 3040.dat
0 ~Moved to 3040b
0 Name: 3040.dat
0 Author: [PTadmin]
0 !LDRAW_ORG Part UPDATE 2004-04
0 !LICENSE Licensed under CC BY 4.0 : see CAreadme.txt

0 BFC CERTIFY CCW

0 !HISTORY 2004-03-02 [PTadmin] Official Update 2004-01
0 !HISTORY 2004-11-06 [PTadmin] Official Update 2004-04
0 !HISTORY 2007-06-09 [PTadmin] Header formatted for Contributor Agreement
0 !HISTORY 2008-07-01 [PTadmin] Official Update 2008-01


1 16 0 0 0 1 0 0 0 1 0 0 0 1 3040b.dat
0 FILE 3040b.dat
0 Slope Brick 45  2 x  1
0 Name: 3040b.dat
0 Author: James Jessiman
0 !LDRAW_ORG Part UPDATE 2004-04
0 !LICENSE Licensed under CC BY 4.0 : see CAreadme.txt

0 BFC CERTIFY CCW

0 !KEYWORDS BrickLink 3040

0 !HISTORY 2002-09-13 [izanette] modified with WINDZ for BFC compliance
0 !HISTORY 2003-07-11 [Steffen] made use of existing subfile
0 !HISTORY 2004-11-06 [PTadmin] Official Update 2004-04
0 !HISTORY 2007-06-09 [PTadmin] Header formatted for Contributor Agreement
0 !HISTORY 2008-07-01 [PTadmin] Official Update 2008-01


1 16 0 0 0 1 0 0 0 1 0 0 0 1 s\3040s01.dat
4 16 10 20 -30 10 0 -10 -10 0 -10 -10 20 -30
0
0 FILE 3068b.dat
0 Tile  2 x  2 with Groove
0 Name: 3068b.dat
0 Author: Takeshi Takahashi [RainbowDolphin]
0 !LDRAW_ORG Part UPDATE 2024-06
0 !LICENSE Licensed under CC BY 4.0 : see CAreadme.txt

0 BFC CERTIFY CCW

0 !KEYWORDS BrickLink 3068

0 !HISTORY 2002-04-25 [PTadmin] Official Update 2002-02
0 !HISTORY 2004-07-26 [guyvivan] Made BFC Compliant
0 !HISTORY 2004-11-06 [PTadmin] Official Update 2004-04
0 !HISTORY 2007-06-13 [PTadmin] Header formatted for Contributor Agreement
0 !HISTORY 2008-07-01 [PTadmin] Official Update 2008-01
0 !HISTORY 2024-05-29 [RainbowDolphin] Total rewrite, original by Damien Guichard [BrickCaster]
0 !HISTORY 2024-07-29 [OrionP] Official Update 2024-06

1 16 0 0 0 1 0 0 0 1 0 0 0 1 s\3068bs01.dat
0 // Patternable surface
4 16 -20 0 -20 20 0 -20 20 0 20 -20 0 20
0 FILE 3069b.dat
0 Tile  1 x  2 with Groove
0 Name: 3069b.dat
0 Author: Santeri Piippo [arezey]
0 !LDRAW_ORG Part UPDATE 2010-02
0 !LICENSE Licensed under CC BY 4.0 : see CAreadme.txt

0 BFC CERTIFY CCW

0 !KEYWORDS BrickLink 3069

0 !HISTORY 2010-07-05 [PTadmin] Official Update 2010-02


4 16 20 0 -10 20 0 10 -20 0 10 -20 0 -10
1 16 0 0 0 1 0 0 0 1 0 0 0 1 s\3069bs01.dat
0 //
0 FILE 3795.dat
0 Plate  2 x  6
0 Name: 3795.dat
0 Author: James Jessiman
0 !LDRAW_ORG Part UPDATE 2025-09
0 !LICENSE Licensed under CC BY 4.0 : see CAreadme.txt

0 BFC CERTIFY CCW

0 !HISTORY 2003-08-01 [Steffen] BFCed
0 !HISTORY 2003-12-19 [PTadmin] Official Update 2003-03
0 !HISTORY 2007-06-29 [PTadmin] Header formatted for Contributor Agreement
0 !HISTORY 2008-07-01 [PTadmin] Official Update 2008-01
0 !HISTORY 2025-09-27 [OrionP] Changed winding to CCW
0 !HISTORY 2025-09-29 [OrionP] Official Update 2025-09

1 16 40 4 0 1 0 0 0 -1 0 0 0 1 stud4.dat
1 16 20 4 0 1 0 0 0 -1 0 0 0 1 stud4.dat
1 16 0 4 0 1 0 0 0 -1 0 0 0 1 stud4.dat
1 16 -20 4 0 1 0 0 0 -1 0 0 0 1 stud4.dat
1 16 -40 4 0 1 0 0 0 -1 0 0 0 1 stud4.dat
0 BFC INVERTNEXT
1 16 0 8 0 56 0 0 0 -4 0 0 0 16 box5.dat
4 16 60 8 20 56 8 16 -56 8 16 -60 8 20
4 16 -60 8 -20 -56 8 -16 56 8 -16 60 8 -20
4 16 60 8 -20 56 8 -16 56 8 16 60 8 20
4 16 -60 8 20 -56 8 16 -56 8 -16 -60 8 -20
1 16 0 8 0 60 0 0 0 -8 0 0 0 20 box5.dat
1 16 50 0 10 1 0 0 0 1 0 0 0 1 stud.dat
1 16 30 0 10 1 0 0 0 1 0 0 0 1 stud.dat
1 16 10 0 10 1 0 0 0 1 0 0 0 1 stud.dat
1 16 -10 0 10 1 0 0 0 1 0 0 0 1 stud.dat
1 16 -30 0 10 1 0 0 0 1 0 0 0 1 stud.dat
1 16 -50 0 10 1 0 0 0 1 0 0 0 1 stud.dat
1 16 50 0 -10 1 0 0 0 1 0 0 0 1 stud.dat
1 16 30 0 -10 1 0 0 0 1 0 0 0 1 stud.dat
1 16 10 0 -10 1 0 0 0 1 0 0 0 1 stud.dat
1 16 -10 0 -10 1 0 0 0 1 0 0 0 1 stud.dat
1 16 -30 0 -10 1 0 0 0 1 0 0 0 1 stud.dat
1 16 -50 0 -10 1 0 0 0 1 0 0 0 1 stud.dat
0
0 FILE 3832.dat
0 Plate  2 x 10
0 Name: 3832.dat
0 Author: James Jessiman
0 !LDRAW_ORG Part UPDATE 2003-03
0 !LICENSE Licensed under CC BY 4.0 : see CAreadme.txt

0 BFC CERTIFY CCW

0 !HISTORY 2003-06-08 [jriley] BFC compliant
0 !HISTORY 2003-12-19 [PTadmin] Official Update 2003-03
0 !HISTORY 2007-06-29 [PTadmin] Header formatted for Contributor Agreement
0 !HISTORY 2008-07-01 [PTadmin] Official Update 2008-01


1 16 80 4 0 1 0 0 0 -1 0 0 0 1 stud4.dat
1 16 60 4 0 1 0 0 0 -1 0 0 0 1 stud4.dat
1 16 40 4 0 1 0 0 0 -1 0 0 0 1 stud4.dat
1 16 20 4 0 1 0 0 0 -1 0 0 0 1 stud4.dat
1 16 0 4 0 1 0 0 0 -1 0 0 0 1 stud4.dat
1 16 -20 4 0 1 0 0 0 -1 0 0 0 1 stud4.dat
1 16 -40 4 0 1 0 0 0 -1 0 0 0 1 stud4.dat
1 16 -60 4 0 1 0 0 0 -1 0 0 0 1 stud4.dat
1 16 -80 4 0 1 0 0 0 -1 0 0 0 1 stud4.dat
0 BFC INVERTNEXT
1 16 0 8 0 96 0 0 0 -4 0 0 0 16 box5.dat
4 16 100 8 20 96 8 16 -96 8 16 -100 8 20
4 16 100 8 -20 -100 8 -20 -96 8 -16 96 8 -16
4 16 100 8 20 100 8 -20 96 8 -16 96 8 16
4 16 -100 8 20 -96 8 16 -96 8 -16 -100 8 -20
1 16 0 8 0 100 0 0 0 -8 0 0 0 20 box5.dat
1 16 90 0 10 1 0 0 0 1 0 0 0 1 stud.dat
1 16 70 0 10 1 0 0 0 1 0 0 0 1 stud.dat
1 16 50 0 10 1 0 0 0 1 0 0 0 1 stud.dat
1 16 30 0 10 1 0 0 0 1 0 0 0 1 stud.dat
1 16 10 0 10 1 0 0 0 1 0 0 0 1 stud.dat
1 16 -10 0 10 1 0 0 0 1 0 0 0 1 stud.dat
1 16 -30 0 10 1 0 0 0 1 0 0 0 1 stud.dat
1 16 -50 0 10 1 0 0 0 1 0 0 0 1 stud.dat
1 16 -70 0 10 1 0 0 0 1 0 0 0 1 stud.dat
1 16 -90 0 10 1 0 0 0 1 0 0 0 1 stud.dat
1 16 90 0 -10 1 0 0 0 1 0 0 0 1 stud.dat
1 16 70 0 -10 1 0 0 0 1 0 0 0 1 stud.dat
1 16 50 0 -10 1 0 0 0 1 0 0 0 1 stud.dat
1 16 30 0 -10 1 0 0 0 1 0 0 0 1 stud.dat
1 16 10 0 -10 1 0 0 0 1 0 0 0 1 stud.dat
1 16 -10 0 -10 1 0 0 0 1 0 0 0 1 stud.dat
1 16 -30 0 -10 1 0 0 0 1 0 0 0 1 stud.dat
1 16 -50 0 -10 1 0 0 0 1 0 0 0 1 stud.dat
1 16 -70 0 -10 1 0 0 0 1 0 0 0 1 stud.dat
1 16 -90 0 -10 1 0 0 0 1 0 0 0 1 stud.dat
0
0 FILE 4-4cyli.dat
0 Cylinder 1.0
0 Name: 4-4cyli.dat
0 Author: James Jessiman
0 !LDRAW_ORG Primitive UPDATE 2005-01
0 !LICENSE Licensed under CC BY 4.0 : see CAreadme.txt

0 BFC CERTIFY CCW

0 !HISTORY 1998-12-15 [PTadmin] Official Update 1998-10
0 !HISTORY 2002-03-23 [sbliss] Added BFC statement; merged headers from files in distributions LDraw 0.27 and Complete.
0 !HISTORY 2002-04-25 [PTadmin] Official Update 2002-02
0 !HISTORY 2004-12-14 [guyvivan] BFC CCW
0 !HISTORY 2005-12-28 [PTadmin] Official Update 2005-01
0 !HISTORY 2007-06-24 [PTadmin] Header formatted for Contributor Agreement
0 !HISTORY 2008-07-01 [PTadmin] Official Update 2008-01


4 16 1 1 0 0.9239 1 0.3827 0.9239 0 0.3827 1 0 0
5 24 1 0 0 1 1 0 0.9239 0 0.3827 0.9239 0 -0.3827
4 16 0.9239 1 0.3827 0.7071 1 0.7071 0.7071 0 0.7071 0.9239 0 0.3827
5 24 0.9239 0 0.3827 0.9239 1 0.3827 0.7071 0 0.7071 1 0 0
4 16 0.7071 1 0.7071 0.3827 1 0.9239 0.3827 0 0.9239 0.7071 0 0.7071
5 24 0.7071 0 0.7071 0.7071 1 0.7071 0.3827 0 0.9239 0.9239 0 0.3827
4 16 0.3827 1 0.9239 0 1 1 0 0 1 0.3827 0 0.9239
5 24 0.3827 0 0.9239 0.3827 1 0.9239 0 0 1 0.7071 0 0.7071
4 16 0 1 1 -0.3827 1 0.9239 -0.3827 0 0.9239 0 0 1
5 24 0 0 1 0 1 1 -0.3827 0 0.9239 0.3827 0 0.9239
4 16 -0.3827 1 0.9239 -0.7071 1 0.7071 -0.7071 0 0.7071 -0.3827 0 0.9239
5 24 -0.3827 0 0.9239 -0.3827 1 0.9239 -0.7071 0 0.7071 0 0 1
4 16 -0.7071 1 0.7071 -0.9239 1 0.3827 -0.9239 0 0.3827 -0.7071 0 0.7071
5 24 -0.7071 0 0.7071 -0.7071 1 0.7071 -0.9239 0 0.3827 -0.3827 0 0.9239
4 16 -0.9239 1 0.3827 -1 1 0 -1 0 0 -0.9239 0 0.3827
5 24 -0.9239 0 0.3827 -0.9239 1 0.3827 -1 0 0 -0.7071 0 0.7071
4 16 -1 1 0 -0.9239 1 -0.3827 -0.9239 0 -0.3827 -1 0 0
5 24 -1 0 0 -1 1 0 -0.9239 0 -0.3827 -0.9239 0 0.3827
4 16 -0.9239 1 -0.3827 -0.7071 1 -0.7071 -0.7071 0 -0.7071 -0.9239 0 -0.3827
5 24 -0.9239 0 -0.3827 -0.9239 1 -0.3827 -0.7071 0 -0.7071 -1 0 0
4 16 -0.7071 1 -0.7071 -0.3827 1 -0.9239 -0.3827 0 -0.9239 -0.7071 0 -0.7071
5 24 -0.7071 0 -0.7071 -0.7071 1 -0.7071 -0.3827 0 -0.9239 -0.9239 0 -0.3827
4 16 -0.3827 1 -0.9239 0 1 -1 0 0 -1 -0.3827 0 -0.9239
5 24 -0.3827 0 -0.9239 -0.3827 1 -0.9239 0 0 -1 -0.7071 0 -0.7071
4 16 0 1 -1 0.3827 1 -0.9239 0.3827 0 -0.9239 0 0 -1
5 24 0 0 -1 0 1 -1 0.3827 0 -0.9239 -0.3827 0 -0.9239
4 16 0.3827 1 -0.9239 0.7071 1 -0.7071 0.7071 0 -0.7071 0.3827 0 -0.9239
5 24 0.3827 0 -0.9239 0.3827 1 -0.9239 0.7071 0 -0.7071 0 0 -1
4 16 0.7071 1 -0.7071 0.9239 1 -0.3827 0.9239 0 -0.3827 0.7071 0 -0.7071
5 24 0.7071 0 -0.7071 0.7071 1 -0.7071 0.9239 0 -0.3827 0.3827 0 -0.9239
4 16 0.9239 1 -0.3827 1 1 0 1 0 0 0.9239 0 -0.3827
5 24 0.9239 0 -0.3827 0.9239 1 -0.3827 1 0 0 0.7071 0 -0.7071
0
0 FILE 4-4cylo.dat
0 Cylinder Open 1.0
0 Name: 4-4cylo.dat
0 Author: Mark Kennedy [mkennedy]
0 !LDRAW_ORG Primitive UPDATE 2010-01
0 !LICENSE Licensed under CC BY 4.0 : see CAreadme.txt

0 BFC CERTIFY CCW

0 !HISTORY 2010-04-05 [PTadmin] Official Update 2010-01


1 16 0 0 0 1 0 0 0 1 0 0 0 1 4-4edge.dat
1 16 0 1 0 1 0 0 0 1 0 0 0 1 4-4edge.dat
1 16 0 0 0 1 0 0 0 1 0 0 0 1 4-4cyli.dat
0
0 FILE 4-4disc.dat
0 Disc 1.0
0 Name: 4-4disc.dat
0 Author: James Jessiman
0 !LDRAW_ORG Primitive UPDATE 2002-02
0 !LICENSE Licensed under CC BY 4.0 : see CAreadme.txt

0 BFC CERTIFY CCW

0 !HISTORY 1998-12-15 [PTadmin] Official Update 1998-10
0 !HISTORY 2002-03-23 [sbliss] Added BFC statement
0 !HISTORY 2002-04-25 [PTadmin] Official Update 2002-02
0 !HISTORY 2007-06-24 [PTadmin] Header formatted for Contributor Agreement
0 !HISTORY 2008-07-01 [PTadmin] Official Update 2008-01


3 16 0 0 0 1 0 0 0.9239 0 0.3827
3 16 0 0 0 0.9239 0 0.3827 0.7071 0 0.7071
3 16 0 0 0 0.7071 0 0.7071 0.3827 0 0.9239
3 16 0 0 0 0.3827 0 0.9239 0 0 1
3 16 0 0 0 0 0 1 -0.3827 0 0.9239
3 16 0 0 0 -0.3827 0 0.9239 -0.7071 0 0.7071
3 16 0 0 0 -0.7071 0 0.7071 -0.9239 0 0.3827
3 16 0 0 0 -0.9239 0 0.3827 -1 0 -0
3 16 0 0 0 -1 0 -0 -0.9239 0 -0.3827
3 16 0 0 0 -0.9239 0 -0.3827 -0.7071 0 -0.7071
3 16 0 0 0 -0.7071 0 -0.7071 -0.3827 0 -0.9239
3 16 0 0 0 -0.3827 0 -0.9239 0 0 -1
3 16 0 0 0 0 0 -1 0.3827 0 -0.9239
3 16 0 0 0 0.3827 0 -0.9239 0.7071 0 -0.7071
3 16 0 0 0 0.7071 0 -0.7071 0.9239 0 -0.3827
3 16 0 0 0 0.9239 0 -0.3827 1 0 0
0
0 FILE 4-4edge.dat
0 Circle 1.0
0 Name: 4-4edge.dat
0 Author: James Jessiman
0 !LDRAW_ORG Primitive UPDATE 2017-01
0 !LICENSE Licensed under CC BY 4.0 : see CAreadme.txt

0 BFC CERTIFY CCW

0 !HISTORY 1998-12-15 [PTadmin] Official Update 1998-10
0 !HISTORY 2005-12-28 [PTadmin] Official Update 2005-01
0 !HISTORY 2007-06-24 [PTadmin] Header formatted for Contributor Agreement
0 !HISTORY 2008-07-01 [PTadmin] Official Update 2008-01
0 !HISTORY 2017-01-15 [Steffen] BFCed
0 !HISTORY 2017-12-30 [PTadmin] Official Update 2017-01


2 24 1 0 0 0.9239 0 0.3827
2 24 0.9239 0 0.3827 0.7071 0 0.7071
2 24 0.7071 0 0.7071 0.3827 0 0.9239
2 24 0.3827 0 0.9239 0 0 1
2 24 0 0 1 -0.3827 0 0.9239
2 24 -0.3827 0 0.9239 -0.7071 0 0.7071
2 24 -0.7071 0 0.7071 -0.9239 0 0.3827
2 24 -0.9239 0 0.3827 -1 0 -0
2 24 -1 0 -0 -0.9239 0 -0.3827
2 24 -0.9239 0 -0.3827 -0.7071 0 -0.7071
2 24 -0.7071 0 -0.7071 -0.3827 0 -0.9239
2 24 -0.3827 0 -0.9239 0 0 -1
2 24 0 0 -1 0.3827 0 -0.9239
2 24 0.3827 0 -0.9239 0.7071 0 -0.7071
2 24 0.7071 0 -0.7071 0.9239 0 -0.3827
2 24 0.9239 0 -0.3827 1 0 0
0 FILE 4-4ndis.dat
0 Disc Negative 1.0
0 Name: 4-4ndis.dat
0 Author: James Jessiman
0 !LDRAW_ORG Primitive UPDATE 2012-01
0 !LICENSE Licensed under CC BY 4.0 : see CAreadme.txt

0 BFC CERTIFY CCW

0 !HISTORY 2002-03-23 [sbliss] Added BFC statement; compacted code
0 !HISTORY 2002-04-25 [PTadmin] Official Update 2002-02
0 !HISTORY 2007-06-24 [PTadmin] Header formatted for Contributor Agreement
0 !HISTORY 2008-07-01 [PTadmin] Official Update 2008-01
0 !HISTORY 2012-02-16 [Philo] Changed to CCW
0 !HISTORY 2012-03-30 [PTadmin] Official Update 2012-01


3 16 0.9239 0 0.3827 1 0 0 1 0 1
3 16 0.7071 0 0.7071 0.9239 0 0.3827 1 0 1
3 16 0.3827 0 0.9239 0.7071 0 0.7071 1 0 1
3 16 0 0 1 0.3827 0 0.9239 1 0 1
3 16 -0.3827 0 0.9239 0 0 1 -1 0 1
3 16 -0.7071 0 0.7071 -0.3827 0 0.9239 -1 0 1
3 16 -0.9239 0 0.3827 -0.7071 0 0.7071 -1 0 1
3 16 -1 0 0 -0.9239 0 0.3827 -1 0 1
3 16 -0.9239 0 -0.3827 -1 0 0 -1 0 -1
3 16 -0.7071 0 -0.7071 -0.9239 0 -0.3827 -1 0 -1
3 16 -0.3827 0 -0.9239 -0.7071 0 -0.7071 -1 0 -1
3 16 0 0 -1 -0.3827 0 -0.9239 -1 0 -1
3 16 0.3827 0 -0.9239 0 0 -1 1 0 -1
3 16 0.7071 0 -0.7071 0.3827 0 -0.9239 1 0 -1
3 16 0.9239 0 -0.3827 0.7071 0 -0.7071 1 0 -1
3 16 1 0 0 0.9239 0 -0.3827 1 0 -1
0 FILE 4-4ring3.dat
0 Ring  3 x 1.0
0 Name: 4-4ring3.dat
0 Author: James Jessiman
0 !LDRAW_ORG Primitive UPDATE 2009-01
0 !LICENSE Licensed under CC BY 4.0 : see CAreadme.txt

0 BFC CERTIFY CCW

0 !HISTORY 1998-12-15 [PTadmin] Official Update 1998-10
0 !HISTORY 2002-04-05 [hafhead] Added BFC statement
0 !HISTORY 2002-04-25 [PTadmin] Official Update 2002-02
0 !HISTORY 2007-06-24 [PTadmin] Header formatted for Contributor Agreement
0 !HISTORY 2008-07-01 [PTadmin] Official Update 2008-01
0 !HISTORY 2008-08-26 [cwdee] Switch polygon winding and rename
0 !HISTORY 2009-05-02 [PTadmin] Official Update 2009-01


4 16 -1.5308 0 3.6956 -1.1481 0 2.7717 0 0 3 0 0 4
4 16 -2.8284 0 2.8284 -2.1213 0 2.1213 -1.1481 0 2.7717 -1.5308 0 3.6956
4 16 -3.6956 0 1.5308 -2.7717 0 1.1481 -2.1213 0 2.1213 -2.8284 0 2.8284
4 16 -4 0 0 -3 0 0 -2.7717 0 1.1481 -3.6956 0 1.5308
4 16 -3.6956 0 -1.5308 -2.7717 0 -1.1481 -3 0 0 -4 0 0
4 16 -2.8284 0 -2.8284 -2.1213 0 -2.1213 -2.7717 0 -1.1481 -3.6956 0 -1.5308
4 16 -1.5308 0 -3.6956 -1.1481 0 -2.7717 -2.1213 0 -2.1213 -2.8284 0 -2.8284
4 16 0 0 -4 0 0 -3 -1.1481 0 -2.7717 -1.5308 0 -3.6956
4 16 1.5308 0 -3.6956 1.1481 0 -2.7717 0 0 -3 0 0 -4
4 16 2.8284 0 -2.8284 2.1213 0 -2.1213 1.1481 0 -2.7717 1.5308 0 -3.6956
4 16 3.6956 0 -1.5308 2.7717 0 -1.1481 2.1213 0 -2.1213 2.8284 0 -2.8284
4 16 4 0 0 3 0 0 2.7717 0 -1.1481 3.6956 0 -1.5308
4 16 3.6956 0 1.5308 2.7717 0 1.1481 3 0 0 4 0 0
4 16 2.8284 0 2.8284 2.1213 0 2.1213 2.7717 0 1.1481 3.6956 0 1.5308
4 16 1.5308 0 3.6956 1.1481 0 2.7717 2.1213 0 2.1213 2.8284 0 2.8284
4 16 0 0 4 0 0 3 1.1481 0 2.7717 1.5308 0 3.6956
0
0 FILE 4-4ring4.dat
0 Ring  4 x 1.0
0 Name: 4-4ring4.dat
0 Author: James Jessiman
0 !LDRAW_ORG Primitive UPDATE 2009-01
0 !LICENSE Licensed under CC BY 4.0 : see CAreadme.txt

0 BFC CERTIFY CCW

0 !HISTORY 1998-12-15 [PTadmin] Official Update 1998-10
0 !HISTORY 2002-04-08 [BrickCaster] Modified for BFC compliance
0 !HISTORY 2002-04-25 [PTadmin] Official Update 2002-02
0 !HISTORY 2007-06-24 [PTadmin] Header formatted for Contributor Agreement
0 !HISTORY 2008-07-01 [PTadmin] Official Update 2008-01
0 !HISTORY 2008-08-26 [cwdee] Switch polygon winding and rename
0 !HISTORY 2009-05-02 [PTadmin] Official Update 2009-01


4 16 -1.9135 0 4.6195 -1.5308 0 3.6956 0 0 4 0 0 5
4 16 -3.5355 0 3.5355 -2.8284 0 2.8284 -1.5308 0 3.6956 -1.9135 0 4.6195
4 16 -4.6195 0 1.9135 -3.6956 0 1.5308 -2.8284 0 2.8284 -3.5355 0 3.5355
4 16 -5 0 0 -4 0 0 -3.6956 0 1.5308 -4.6195 0 1.9135
4 16 -4.6195 0 -1.9135 -3.6956 0 -1.5308 -4 0 0 -5 0 0
4 16 -3.5355 0 -3.5355 -2.8284 0 -2.8284 -3.6956 0 -1.5308 -4.6195 0 -1.9135
4 16 -1.9135 0 -4.6195 -1.5308 0 -3.6956 -2.8284 0 -2.8284 -3.5355 0 -3.5355
4 16 0 0 -5 0 0 -4 -1.5308 0 -3.6956 -1.9135 0 -4.6195
4 16 1.9135 0 -4.6195 1.5308 0 -3.6956 0 0 -4 0 0 -5
4 16 3.5355 0 -3.5355 2.8284 0 -2.8284 1.5308 0 -3.6956 1.9135 0 -4.6195
4 16 4.6195 0 -1.9135 3.6956 0 -1.5308 2.8284 0 -2.8284 3.5355 0 -3.5355
4 16 5 0 0 4 0 0 3.6956 0 -1.5308 4.6195 0 -1.9135
4 16 4.6195 0 1.9135 3.6956 0 1.5308 4 0 0 5 0 0
4 16 3.5355 0 3.5355 2.8284 0 2.8284 3.6956 0 1.5308 4.6195 0 1.9135
4 16 1.9135 0 4.6195 1.5308 0 3.6956 2.8284 0 2.8284 3.5355 0 3.5355
4 16 0 0 5 0 0 4 1.5308 0 3.6956 1.9135 0 4.6195
0
0 FILE 4073.dat
0 ~Moved to 6141
0 Name: 4073.dat
0 Author: [PTadmin]
0 !LDRAW_ORG Part UPDATE 2025-04
0 !LICENSE Licensed under CC BY 4.0 : see CAreadme.txt

0 BFC CERTIFY CCW

0 !HISTORY 2015-10-11 [PTadmin] Official Update 2015-01
0 !HISTORY 2025-04-01 [OrionP] Removed Alias
0 !HISTORY 2025-04-27 [OrionP] Official Update 2025-04

0 // Plate 1 x 1 Round

1 16 0 0 0 1 0 0 0 1 0 0 0 1 6141.dat
0 FILE 6141.dat
0 Plate  1 x  1 Round
0 Name: 6141.dat
0 Author: James Jessiman
0 !LDRAW_ORG Part UPDATE 2015-01
0 !LICENSE Licensed under CC BY 4.0 : see CAreadme.txt

0 BFC CERTIFY CCW

0 !KEYWORDS BrickLink 4073

0 !HISTORY 1998-06-20 [PTadmin] Official Update 1998-06
0 !HISTORY 2003-01-29 [sbliss] Completed header; BFC'ed; misc cleanup
0 !HISTORY 2003-08-01 [PTadmin] Official Update 2003-02
0 !HISTORY 2007-10-26 [PTadmin] Header formatted for Contributor Agreement
0 !HISTORY 2008-07-01 [PTadmin] Official Update 2008-01
0 !HISTORY 2014-11-29 [Steffen] Renamed from 4073
0 !HISTORY 2014-12-28 [MagFors] Primitive substitution
0 !HISTORY 2015-10-11 [PTadmin] Official Update 2015-01


1 16 0 3 0 -1 0 0 0 -1.25 0 0 0 1 stud4.dat
1 16 0 3 0 -6 0 0 0 -1 0 0 0 6 4-4disc.dat
1 16 0 3 0 -2 0 0 0 -1 0 0 0 2 4-4ring4.dat
1 16 0 0 0 10 0 0 0 3 0 0 0 10 4-4cylo.dat
1 16 0 0 0 2 0 0 0 1 0 0 0 2 4-4ring4.dat
1 16 0 0 0 2 0 0 0 1 0 0 0 2 4-4ring3.dat
1 16 0 0 0 1 0 0 0 1 0 0 0 1 stud.dat
0 FILE box3u2p.dat
0 Box with 3 Faces without 2 Parallel Edges
0 Name: box3u2p.dat
0 Author: Niels Karsdorp [nielsk]
0 !LDRAW_ORG Primitive UPDATE 2012-01
0 !LICENSE Licensed under CC BY 4.0 : see CAreadme.txt

0 BFC CERTIFY CCW

0 !HISTORY 2003-03-12 [PTadmin] Official Update 2003-01
0 !HISTORY 2007-06-24 [PTadmin] Header formatted for Contributor Agreement
0 !HISTORY 2008-07-01 [PTadmin] Official Update 2008-01
0 !HISTORY 2012-02-16 [Philo] Changed to CCW
0 !HISTORY 2012-03-30 [PTadmin] Official Update 2012-01


2 24 1 1 1 -1 1 1
2 24 -1 1 -1 1 1 -1
2 24 1 0 1 -1 0 1
2 24 -1 0 -1 1 0 -1
2 24 1 1 1 1 1 -1
2 24 -1 1 1 -1 1 -1
2 24 1 1 1 1 0 1
2 24 1 1 -1 1 0 -1
2 24 -1 1 1 -1 0 1
2 24 -1 1 -1 -1 0 -1
4 16 -1 1 -1 -1 1 1 1 1 1 1 1 -1
4 16 -1 1 1 -1 0 1 1 0 1 1 1 1
4 16 1 1 -1 1 0 -1 -1 0 -1 -1 1 -1
0 FILE box3u4a.dat
0 Box with 3 Faces without 4 Adjacent Edges
0 Name: box3u4a.dat
0 Author: Niels Karsdorp [nielsk]
0 !LDRAW_ORG Primitive UPDATE 2009-01
0 !LICENSE Licensed under CC BY 4.0 : see CAreadme.txt

0 BFC CERTIFY CCW

0 !HISTORY 2009-05-02 [PTadmin] Official Update 2009-01


2 24 1 1 1 -1 1 1
2 24 -1 1 -1 1 1 -1
2 24 1 1 1 1 1 -1
2 24 -1 1 1 -1 1 -1
2 24 1 1 1 1 0 1
2 24 1 1 -1 1 0 -1
2 24 -1 1 1 -1 0 1
2 24 -1 1 -1 -1 0 -1
4 16 -1 1 -1 -1 1 1 1 1 1 1 1 -1
4 16 -1 1 1 -1 0 1 1 0 1 1 1 1
4 16 1 1 -1 1 0 -1 -1 0 -1 -1 1 -1
0
0 FILE box4-4a.dat
0 Box with  4 Faces without  4 Adjacent Edges
0 Name: box4-4a.dat
0 Author: Willy Tschager [Holly-Wood]
0 !LDRAW_ORG Primitive UPDATE 2024-01
0 !LICENSE Licensed under CC BY 4.0 : see CAreadme.txt

0 BFC CERTIFY CCW

0 !HISTORY 1998-07-15 [PTadmin] Official Update 1998-07
0 !HISTORY 2002-12-13 [hafhead] Made BFC compliant
0 !HISTORY 2003-03-12 [PTadmin] Official Update 2003-01
0 !HISTORY 2007-06-24 [PTadmin] Header formatted for Contributor Agreement
0 !HISTORY 2008-07-01 [PTadmin] Official Update 2008-01
0 !HISTORY 2012-02-16 [Philo] Changed to CCW
0 !HISTORY 2012-03-30 [PTadmin] Official Update 2012-01
0 !HISTORY 2024-01-03 [Holly-Wood] Complete re-write, original by Manfred Moolhuysen
0 !HISTORY 2024-01-29 [OrionP] Official Update 2024-01

2 24 -1 1 -1 -1 1 1
2 24 1 1 1 1 1 -1
2 24 -1 1 1 1 1 1
4 16 1 1 1 1 1 -1 -1 1 -1 -1 1 1

2 24 -1 0 -1 -1 0 1
4 16 -1 1 1 -1 1 -1 -1 0 -1 -1 0 1

2 24 1 0 1 1 0 -1
4 16 1 1 -1 1 1 1 1 0 1 1 0 -1

2 24 1 1 1 1 0 1
2 24 -1 1 1 -1 0 1
2 24 -1 0 1 1 0 1
4 16 1 1 1 -1 1 1 -1 0 1 1 0 1
0 FILE box4.dat
0 Box with 4 Faces (2 Parallel Pairs) and All Edges
0 Name: box4.dat
0 Author: James Jessiman
0 !LDRAW_ORG Primitive UPDATE 2012-01
0 !LICENSE Licensed under CC BY 4.0 : see CAreadme.txt

0 BFC CERTIFY CCW

0 !HISTORY 2002-04-03 [sbliss] Modified for BFC compliance
0 !HISTORY 2002-04-25 [PTadmin] Official Update 2002-02
0 !HISTORY 2007-06-24 [PTadmin] Header formatted for Contributor Agreement
0 !HISTORY 2008-07-01 [PTadmin] Official Update 2008-01
0 !HISTORY 2012-02-16 [Philo] Changed to CCW
0 !HISTORY 2012-03-30 [PTadmin] Official Update 2012-01


2 24 1 1 1 -1 1 1
2 24 -1 1 1 -1 1 -1
2 24 -1 1 -1 1 1 -1
2 24 1 1 -1 1 1 1
2 24 1 0 1 -1 0 1
2 24 -1 0 1 -1 0 -1
2 24 -1 0 -1 1 0 -1
2 24 1 0 -1 1 0 1
2 24 1 0 1 1 1 1
2 24 -1 0 1 -1 1 1
2 24 1 0 -1 1 1 -1
2 24 -1 0 -1 -1 1 -1
4 16 -1 1 1 -1 0 1 1 0 1 1 1 1
4 16 -1 1 -1 -1 0 -1 -1 0 1 -1 1 1
4 16 1 1 -1 1 0 -1 -1 0 -1 -1 1 -1
4 16 1 1 1 1 0 1 1 0 -1 1 1 -1
0 FILE box4t.dat
0 Box with 4 Adjacent Faces and All Edges
0 Name: box4t.dat
0 Author: Tore Eriksson [Tore_Eriksson]
0 !LDRAW_ORG Primitive UPDATE 2003-02
0 !LICENSE Licensed under CC BY 4.0 : see CAreadme.txt

0 BFC CERTIFY CCW

0 !HISTORY 1997-09-29 [PTadmin] Official Update 1997-15
0 !HISTORY 2002-08-31 [izanette] Modified with WINDZ for BFC compliance
0 !HISTORY 2003-08-01 [PTadmin] Official Update 2003-02
0 !HISTORY 2007-06-24 [PTadmin] Header formatted for Contributor Agreement
0 !HISTORY 2008-07-01 [PTadmin] Official Update 2008-01


2 24 1 1 1 -1 1 1
2 24 -1 1 1 -1 1 -1
2 24 -1 1 -1 1 1 -1
2 24 1 1 -1 1 1 1
2 24 1 0 1 -1 0 1
2 24 -1 0 1 -1 0 -1
2 24 -1 0 -1 1 0 -1
2 24 1 0 -1 1 0 1
2 24 1 0 1 1 1 1
2 24 -1 0 1 -1 1 1
2 24 1 0 -1 1 1 -1
2 24 -1 0 -1 -1 1 -1
4 16 1 1 1 1 1 -1 -1 1 -1 -1 1 1
4 16 1 1 1 -1 1 1 -1 0 1 1 0 1
4 16 -1 1 1 -1 1 -1 -1 0 -1 -1 0 1
0 // 4 16 -1 1 -1 -1 0 -1 1 0 -1 1 1 -1
4 16 1 1 -1 1 1 1 1 0 1 1 0 -1
0
0 FILE box5.dat
0 Box with 5 Faces and All Edges
0 Name: box5.dat
0 Author: James Jessiman
0 !LDRAW_ORG Primitive UPDATE 2012-01
0 !LICENSE Licensed under CC BY 4.0 : see CAreadme.txt

0 BFC CERTIFY CCW

0 !HISTORY 2002-04-03 [sbliss] Modified for BFC compliance
0 !HISTORY 2002-04-25 [PTadmin] Official Update 2002-02
0 !HISTORY 2007-06-24 [PTadmin] Header formatted for Contributor Agreement
0 !HISTORY 2008-07-01 [PTadmin] Official Update 2008-01
0 !HISTORY 2012-02-16 [Philo] Changed to CCW
0 !HISTORY 2012-03-30 [PTadmin] Official Update 2012-01


2 24 1 1 1 -1 1 1
2 24 -1 1 1 -1 1 -1
2 24 -1 1 -1 1 1 -1
2 24 1 1 -1 1 1 1
2 24 1 0 1 -1 0 1
2 24 -1 0 1 -1 0 -1
2 24 -1 0 -1 1 0 -1
2 24 1 0 -1 1 0 1
2 24 1 0 1 1 1 1
2 24 -1 0 1 -1 1 1
2 24 1 0 -1 1 1 -1
2 24 -1 0 -1 -1 1 -1
4 16 -1 1 1 1 1 1 1 1 -1 -1 1 -1
4 16 -1 1 1 -1 0 1 1 0 1 1 1 1
4 16 -1 1 -1 -1 0 -1 -1 0 1 -1 1 1
4 16 1 1 -1 1 0 -1 -1 0 -1 -1 1 -1
4 16 1 1 1 1 0 1 1 0 -1 1 1 -1
0 FILE parts/s/3001s01.dat
0 ~Brick  2 x  4 without Front and Back Faces
0 Name: s\3001s01.dat
0 Author: James Jessiman
0 !LDRAW_ORG Subpart UPDATE 2004-03
0 !LICENSE Licensed under CC BY 4.0 : see CAreadme.txt

0 BFC CERTIFY CCW

0 !HISTORY 2002-05-07 {unknown} BFC certification
0 !HISTORY 2002-05-07 [westrate] Unknown change
0 !HISTORY 2004-09-15 [PTadmin] Official Update 2004-03
0 !HISTORY 2007-08-29 [PTadmin] Header formatted for Contributor Agreement
0 !HISTORY 2008-07-01 [PTadmin] Official Update 2008-01


0 // Uncomment for front and back faces:
0 // 4 16 40 0 -20 -40 0 -20 -40 24 -20 40 24 -20
0 // 4 16 40 0 20 -40 0 20 -40 24 20 40 24

1 16 20 4 0 1 0 0 0 -5 0 0 0 1 stud4.dat
1 16 0 4 0 1 0 0 0 -5 0 0 0 1 stud4.dat
1 16 -20 4 0 1 0 0 0 -5 0 0 0 1 stud4.dat
0 BFC INVERTNEXT
1 16 0 24 0 36 0 0 0 -20 0 0 0 16 box5.dat
4 16 40 24 20 36 24 16 -36 24 16 -40 24 20
4 16 -40 24 20 -36 24 16 -36 24 -16 -40 24 -20
4 16 -40 24 -20 -36 24 -16 36 24 -16 40 24 -20
4 16 40 24 -20 36 24 -16 36 24 16 40 24 20
1 16 0 24 0 0 0 40 0 -24 0 -20 0 0 box3u2p.dat
2 24 -40 24 -20 40 24 -20
2 24 -40 24 20 40 24 20
1 16 30 0 10 1 0 0 0 1 0 0 0 1 stud.dat
1 16 10 0 10 1 0 0 0 1 0 0 0 1 stud.dat
1 16 -10 0 10 1 0 0 0 1 0 0 0 1 stud.dat
1 16 -30 0 10 1 0 0 0 1 0 0 0 1 stud.dat
1 16 30 0 -10 1 0 0 0 1 0 0 0 1 stud.dat
1 16 10 0 -10 1 0 0 0 1 0 0 0 1 stud.dat
1 16 -10 0 -10 1 0 0 0 1 0 0 0 1 stud.dat
1 16 -30 0 -10 1 0 0 0 1 0 0 0 1 stud.dat
0
0 FILE parts/s/3002s01.dat
0 ~Brick  2 x  3 without Front Face
0 Name: s\3002s01.dat
0 Author: James Jessiman
0 !LDRAW_ORG Subpart UPDATE 2003-03
0 !LICENSE Licensed under CC BY 4.0 : see CAreadme.txt

0 BFC CERTIFY CCW

0 !HISTORY 2002-05-07 {unknown} BFC Certification
0 !HISTORY 2003-07-03 [Steffen] Subfiled for patterns
0 !HISTORY 2003-12-19 [PTadmin] Official Update 2003-03
0 !HISTORY 2007-08-29 [PTadmin] Header formatted for Contributor Agreement
0 !HISTORY 2008-07-01 [PTadmin] Official Update 2008-01


1 16 10 4 0 1 0 0 0 -5 0 0 0 1 stud4.dat
1 16 -10 4 0 1 0 0 0 -5 0 0 0 1 stud4.dat
0 BFC INVERTNEXT
1 16 0 24 0 26 0 0 0 -20 0 0 0 16 box5.dat
4 16 30 24 20 26 24 16 -26 24 16 -30 24 20
4 16 -30 24 20 -26 24 16 -26 24 -16 -30 24 -20
4 16 -30 24 -20 -26 24 -16 26 24 -16 30 24 -20
4 16 30 24 -20 26 24 -16 26 24 16 30 24 20
2 24 30 0 20 -30 0 20
2 24 -30 0 20 -30 0 -20
2 24 -30 0 -20 30 0 -20
2 24 30 0 -20 30 0 20
2 24 30 24 20 -30 24 20
2 24 -30 24 20 -30 24 -20
2 24 -30 24 -20 30 24 -20
2 24 30 24 -20 30 24 20
2 24 30 24 20 30 0 20
2 24 -30 24 20 -30 0 20
2 24 30 24 -20 30 0 -20
2 24 -30 24 -20 -30 0 -20
4 16 -30 0 -20 30 0 -20 30 0 20 -30 0 20
4 16 30 0 20 30 24 20 -30 24 20 -30 0 20
4 16 -30 0 20 -30 24 20 -30 24 -20 -30 0 -20
4 16 30 0 -20 30 24 -20 30 24 20 30 0 20
1 16 20 0 10 1 0 0 0 1 0 0 0 1 stud.dat
1 16 0 0 10 1 0 0 0 1 0 0 0 1 stud.dat
1 16 -20 0 10 1 0 0 0 1 0 0 0 1 stud.dat
1 16 20 0 -10 1 0 0 0 1 0 0 0 1 stud.dat
1 16 0 0 -10 1 0 0 0 1 0 0 0 1 stud.dat
1 16 -20 0 -10 1 0 0 0 1 0 0 0 1 stud.dat
0
0 FILE parts/s/3003s01.dat
0 ~Brick  2 x  2 without Front Face
0 Name: s\3003s01.dat
0 Author: Steffen [Steffen]
0 !LDRAW_ORG Subpart UPDATE 2013-02
0 !LICENSE Licensed under CC BY 4.0 : see CAreadme.txt

0 BFC CERTIFY CCW

0 !HISTORY 2009-05-02 [PTadmin] Official Update 2009-01
0 !HISTORY 2013-04-02 [Steffen] used s\3003s02.dat
0 !HISTORY 2013-12-23 [PTadmin] Official Update 2013-02


1 16 0 0 0 1 0 0 0 1 0 0 0 1 s\3003s02.dat
4 16 20 24 20 -20 24 20 -20 0 20 20 0 20
0 FILE parts/s/3003s02.dat
0 ~Brick  2 x  2 without Front and Back Faces
0 Name: s\3003s02.dat
0 Author: Owen Burgoyne [C3POwen]
0 !LDRAW_ORG Subpart UPDATE 2013-02
0 !LICENSE Licensed under CC BY 4.0 : see CAreadme.txt

0 BFC CERTIFY CCW

0 !HISTORY 2013-12-23 [PTadmin] Official Update 2013-02


1 16 0 4 0 1 0 0 0 -5 0 0 0 1 stud4.dat
0 BFC INVERTNEXT
1 16 0 24 0 16 0 0 0 -20 0 0 0 16 box5.dat
4 16 20 24 20 16 24 16 -16 24 16 -20 24 20
4 16 -20 24 20 -16 24 16 -16 24 -16 -20 24 -20
4 16 -20 24 -20 -16 24 -16 16 24 -16 20 24 -20
4 16 20 24 -20 16 24 -16 16 24 16 20 24 20
2 24 20 24 20 -20 24 20
2 24 20 24 -20 -20 24 -20
1 16 0 24 0 0 0 20 0 -24 0 -20 0 0 box3u2p.dat
1 16 0 0 0 1 0 0 0 1 0 0 0 1 stug-2x2.dat
0 FILE parts/s/3004s01.dat
0 ~Brick  1 x  2 without Front Face
0 Name: s\3004s01.dat
0 Author: James Jessiman
0 !LDRAW_ORG Subpart UPDATE 2003-03
0 !LICENSE Licensed under CC BY 4.0 : see CAreadme.txt

0 BFC CERTIFY CCW

0 !HISTORY 2003-09-07 [jriley] Subfiling, BFC
0 !HISTORY 2003-12-19 [PTadmin] Official Update 2003-03
0 !HISTORY 2007-08-29 [PTadmin] Header formatted for Contributor Agreement
0 !HISTORY 2008-07-01 [PTadmin] Official Update 2008-01


1 16 0 4 0 1 0 0 0 -5 0 0 0 1 stud3.dat
0 BFC INVERTNEXT
1 16 0 24 0 16 0 0 0 -20 0 0 0 6 box5.dat
4 16 20 24 10 16 24 6 -16 24 6 -20 24 10
4 16 -20 24 10 -16 24 6 -16 24 -6 -20 24 -10
4 16 -20 24 -10 -16 24 -6 16 24 -6 20 24 -10
4 16 20 24 -10 16 24 -6 16 24 6 20 24 10
1 16 0 24 0 20 0 0 0 -24 0 0 0 10 box4t.dat
1 16 10 0 0 1 0 0 0 1 0 0 0 1 stud.dat
1 16 -10 0 0 1 0 0 0 1 0 0 0 1 stud.dat
0
0 FILE parts/s/3005s01.dat
0 ~Brick  1 x  1 without Front Face
0 Name: s\3005s01.dat
0 Author: Willy Tschager [Holly-Wood]
0 !LDRAW_ORG Subpart UPDATE 2024-04
0 !LICENSE Licensed under CC BY 4.0 : see CAreadme.txt

0 BFC CERTIFY CCW

0 !HISTORY 2003-09-07 [jriley] BFCed & Subfiled
0 !HISTORY 2004-03-02 [PTadmin] Official Update 2004-01
0 !HISTORY 2007-08-29 [PTadmin] Header formatted for Contributor Agreement
0 !HISTORY 2008-07-01 [PTadmin] Official Update 2008-01
0 !HISTORY 2024-03-15 [Holly-Wood] Complete re-write, original by jriley
0 !HISTORY 2024-05-28 [OrionP] Official Update 2024-04

1 16 0 0 0 0 0 1 0 1 0 -1 0 0 stud.dat
1 16 0 24 0 -10 0 0 0 -24 0 0 0 10 box4t.dat
0 BFC INVERTNEXT
1 16 0 24 0 -6 0 0 0 -20 0 0 0 6 box5.dat

4 16 -6 24 -6 6 24 -6 10 24 -10 -10 24 -10
4 16 10 24 -10 6 24 -6 6 24 6 10 24 10
4 16 6 24 6 -6 24 6 -10 24 10 10 24 10
4 16 -10 24 10 -6 24 6 -6 24 -6 -10 24 -10
0 FILE parts/s/3009s01.dat
0 ~Brick  1 x  6 without Front Face
0 Name: s\3009s01.dat
0 Author: James Jessiman
0 !LDRAW_ORG Subpart UPDATE 2003-03
0 !LICENSE Licensed under CC BY 4.0 : see CAreadme.txt

0 BFC CERTIFY CCW

0 !HISTORY 2002-05-07 {unknown} BFC Certification
0 !HISTORY 2003-07-03 [Steffen] Subfiled for patterning
0 !HISTORY 2003-12-19 [PTadmin] Official Update 2003-03
0 !HISTORY 2007-08-29 [PTadmin] Header formatted for Contributor Agreement
0 !HISTORY 2008-07-01 [PTadmin] Official Update 2008-01


1 16 40 4 0 1 0 0 0 -5 0 0 0 1 stud3.dat
1 16 20 4 0 1 0 0 0 -5 0 0 0 1 stud3.dat
1 16 0 4 0 1 0 0 0 -5 0 0 0 1 stud3.dat
1 16 -20 4 0 1 0 0 0 -5 0 0 0 1 stud3.dat
1 16 -40 4 0 1 0 0 0 -5 0 0 0 1 stud3.dat
0 BFC INVERTNEXT
1 16 0 24 0 56 0 0 0 -20 0 0 0 6 box5.dat
4 16 60 24 10 56 24 6 -56 24 6 -60 24 10
4 16 -60 24 10 -56 24 6 -56 24 -6 -60 24 -10
4 16 -60 24 -10 -56 24 -6 56 24 -6 60 24 -10
4 16 60 24 -10 56 24 -6 56 24 6 60 24 10
2 24 60 0 10 -60 0 10
2 24 -60 0 10 -60 0 -10
2 24 -60 0 -10 60 0 -10
2 24 60 0 -10 60 0 10
2 24 60 24 10 -60 24 10
2 24 -60 24 10 -60 24 -10
2 24 -60 24 -10 60 24 -10
2 24 60 24 -10 60 24 10
2 24 60 24 10 60 0 10
2 24 -60 24 10 -60 0 10
2 24 60 24 -10 60 0 -10
2 24 -60 24 -10 -60 0 -10
4 16 -60 0 -10 60 0 -10 60 0 10 -60 0 10
4 16 -60 0 10 -60 24 10 -60 24 -10 -60 0 -10
4 16 60 0 10 60 24 10 -60 24 10 -60 0 10
4 16 60 0 -10 60 24 -10 60 24 10 60 0 10
1 16 50 0 0 1 0 0 0 1 0 0 0 1 stud.dat
1 16 30 0 0 1 0 0 0 1 0 0 0 1 stud.dat
1 16 10 0 0 1 0 0 0 1 0 0 0 1 stud.dat
1 16 -10 0 0 1 0 0 0 1 0 0 0 1 stud.dat
1 16 -30 0 0 1 0 0 0 1 0 0 0 1 stud.dat
1 16 -50 0 0 1 0 0 0 1 0 0 0 1 stud.dat
0
0 FILE parts/s/3010s01.dat
0 ~Brick  1 x  4 without Front Face
0 Name: s\3010s01.dat
0 Author: Willy Tschager [Holly-Wood]
0 !LDRAW_ORG Subpart UPDATE 2024-03
0 !LICENSE Licensed under CC BY 4.0 : see CAreadme.txt

0 BFC CERTIFY CCW

0 !HISTORY 2003-08-01 [PTadmin] Official Update 2003-02
0 !HISTORY 2007-08-29 [PTadmin] Header formatted for Contributor Agreement
0 !HISTORY 2008-07-01 [PTadmin] Official Update 2008-01
0 !HISTORY 2024-03-15 [Holly-Wood] Complete re-write, original by hafhead
0 !HISTORY 2024-04-28 [OrionP] Official Update 2024-03

1 16 0 0 0 1 0 0 0 1 0 0 0 1 stug-1x4.dat
1 16 0 4 0 1 0 0 0 -5 0 0 0 1 stug3-1x3.dat

1 16 0 24 0 -40 0 0 0 -24 0 0 0 10 box4t.dat
0 BFC INVERTNEXT
1 16 0 24 0 -36 0 0 0 -20 0 0 0 6 box5.dat

4 16 -36 24 -6 36 24 -6 40 24 -10 -40 24 -10
4 16 40 24 -10 36 24 -6 36 24 6 40 24 10
4 16 40 24 10 36 24 6 -36 24 6 -40 24 10
4 16 -40 24 10 -36 24 6 -36 24 -6 -40 24 -10
0 FILE parts/s/3023bs01.dat
0 ~Plate  1 x  2 without Front Face
0 Name: s\3023bs01.dat
0 Author: Massimo Maso [Sirio]
0 !LDRAW_ORG Subpart UPDATE 2023-03
0 !LICENSE Licensed under CC BY 4.0 : see CAreadme.txt

0 BFC CERTIFY CCW

0 !HISTORY 2022-01-14 [PTadmin] Official Update 2022-01
0 !HISTORY 2023-05-27 [OrionP] Moved from s\3023s01.dat
0 !HISTORY 2023-06-24 [OrionP] Official Update 2023-03


0 // Primitves
1 16 0 4 0 1 0 0 0 -1 0 0 0 1 stud3.dat
0 BFC INVERTNEXT
1 16 0 8 0 16 0 0 0 -4 0 0 0 6 box5.dat
1 16 0 8 0 20 0 0 0 -8 0 0 0 10 box4t.dat
1 16 0 0 0 1 0 0 0 1 0 0 0 1 stug-1x2.dat
0 // Faces
4 16 20 8 10 16 8 6 -16 8 6 -20 8 10
4 16 -20 8 10 -16 8 6 -16 8 -6 -20 8 -10
4 16 -20 8 -10 -16 8 -6 16 8 -6 20 8 -10
4 16 20 8 -10 16 8 -6 16 8 6 20 8 10
0 FILE parts/s/3024s01.dat
0 ~Plate  1 x  1 without Front Face
0 Name: s\3024s01.dat
0 Author: Tore Eriksson [Tore_Eriksson]
0 !LDRAW_ORG Subpart UPDATE 2012-03
0 !LICENSE Licensed under CC BY 4.0 : see CAreadme.txt

0 BFC CERTIFY CCW

0 !HISTORY 2012-12-28 [PTadmin] Official Update 2012-03


0 BFC INVERTNEXT
1 16 0 8 0 0 0 6 0 -4 0 -6 0 0 box5.dat
4 16 10 8 -10 6 8 -6 6 8 6 10 8 10
4 16 10 8 10 6 8 6 -6 8 6 -10 8 10
4 16 -10 8 10 -6 8 6 -6 8 -6 -10 8 -10
4 16 -10 8 -10 -6 8 -6 6 8 -6 10 8 -10
1 16 0 8 0 10 0 0 0 -8 0 0 0 10 box4t.dat
1 16 0 0 0 0 0 1 0 1 0 -1 0 0 stud.dat
0 FILE parts/s/3039s01.dat
0 ~Slope Brick 45  2 x  2 without Front Face
0 Name: s\3039s01.dat
0 Author: Willy Tschager [Holly-Wood]
0 !LDRAW_ORG Subpart UPDATE 2024-02
0 !LICENSE Licensed under CC BY 4.0 : see CAreadme.txt

0 BFC CERTIFY CCW

0 !HISTORY 1999-12-31 [PTadmin] Official Update 1999-06
0 !HISTORY 2003-07-02 [Steffen] BFCed; change in part name: "w/o" --> "without"
0 !HISTORY 2003-12-19 [PTadmin] Official Update 2003-03
0 !HISTORY 2007-08-30 [PTadmin] Header formatted for Contributor Agreement
0 !HISTORY 2008-07-01 [PTadmin] Official Update 2008-01
0 !HISTORY 2024-03-14 [Holly-Wood] Complete re-write, original by jvan
0 !HISTORY 2024-03-24 [OrionP] Official Update 2024-02

1 16 0 0 0 1 0 0 0 1 0 0 0 1 stug-1x2.dat

1 16 0 12 -10 -1 0 0 0 -3 0 0 0 1 stud4a.dat

0 BFC INVERTNEXT
1 16 0 4 -10 6 0 0 0 8 0 0 0 6 2-4cyli.dat
0 BFC INVERTNEXT
1 16 0 10 -10 6 0 0 0 2 0 0 0 -6 2-4cyli.dat

0 BFC INVERTNEXT
1 16 0 10 -10 0 0 6 0 -6 0 -6 0 0 1-4cyls.dat
0 BFC INVERTNEXT
1 16 0 10 -10 0 0 -6 0 -6 0 -6 0 0 1-4cyls.dat

1 16 0 4 -10 8 0 0 0 8 0 0 0 8 2-4cyli.dat

1 16 0 12 -10 0 0 8 0 -8 0 -8 0 0 1-4cyls.dat
1 16 0 12 -10 0 0 -8 0 -8 0 -8 0 0 1-4cyls.dat

1 16 0 4 -10 6 0 0 0 1 0 0 0 6 2-4edge.dat
1 16 0 4 -10 6 0 0 0 1 6 0 0 -6 2-4edge.dat

1 16 0 4 -10 8 0 0 0 1 0 0 0 8 2-4edge.dat
1 16 0 4 -10 8 0 0 0 1 8 0 0 -8 2-4edge.dat

1 16 0 4 -10 6 0 0 0 -1 0 0 0 6 2-4chrd.dat
1 16 0 4 -10 8 0 0 0 -1 0 0 0 8 2-4ndis.dat

1 16 0 4 -10 6 0 0 0 -1 6 0 0 -6 2-4chrd.dat
1 16 0 4 -10 8 0 0 0 -1 8 0 0 -8 2-4ndis.dat

0 BFC INVERTNEXT
1 16 0 14 -10 0 0 16 10 0 0 0 16 0 box3u4a.dat

4 16 -8 4 -2 -8 4 -10 -16 4 -10 -16 4 6
4 16 8 4 -10 8 4 -2 16 4 6 16 4 -10
4 16 16 4 6 8 4 -2 0 4 -2 -16 4 6
3 16 -8 4 -2 -16 4 6 0 4 -2

1 16 0 22 -26 0 0 16 -2 0 0 0 -1 0 rect.dat

4 16 8 12 -18 8 4 -10 16 4 -10 16 20 -26
4 16 0 12 -18 8 12 -18 16 20 -26 -16 20 -26
3 16 0 12 -18 -16 20 -26 -8 12 -18
4 16 -16 20 -26 -16 4 -10 -8 4 -10 -8 12 -18
4 16 16 4 -10 16 24 -10 16 24 -26 16 20 -26
4 16 -16 24 -26 -16 24 -10 -16 4 -10 -16 20 -26

2 24 -16 4 -10 -8 4 -10
2 24 8 4 -10 16 4 -10
2 24 -6 4 -10 6 4 -10
2 24 -16 24 -10 -16 24 -26
2 24 -16 4 -10 -16 20 -26
2 24 16 24 -10 16 24 -26
2 24 16 4 -10 16 20 -26

1 16 0 24 0 20 0 0 0 -24 0 0 0 10 box4-4a.dat

1 16 0 22 -30 0 0 -20 -2 0 0 0 1 0 rect.dat

4 16 20 24 -10 20 0 -10 20 20 -30 20 24 -30
4 16 -20 20 -30 -20 0 -10 -20 24 -10 -20 24 -30

2 24 -20 24 -10 -20 24 -30
2 24 20 24 -10 20 24 -30
2 24 -20 0 -10 -20 20 -30
2 24 20 0 -10 20 20 -30
2 24 -20 0 -10 20 0 -10

4 16 -20 24 -30 -16 24 -26 16 24 -26 20 24 -30
4 16 20 24 -30 16 24 -26 16 24 -10 20 24 -10
4 16 20 24 -10 16 24 -10 16 24 6 20 24 10
4 16 -20 24 -10 -16 24 -10 -16 24 -26 -20 24 -30
4 16 -16 24 6 -16 24 -10 -20 24 -10 -20 24 10
4 16 16 24 6 -16 24 6 -20 24 10 20 24 10
0 FILE parts/s/3040s01.dat
0 ~Slope Brick 45  2 x  1 without Front Face
0 Name: s\3040s01.dat
0 Author: Orion Pobursky [OrionP]
0 !LDRAW_ORG Subpart UPDATE 2004-01
0 !LICENSE Licensed under CC BY 4.0 : see CAreadme.txt

0 BFC CERTIFY CCW

0 !HISTORY 2003-07-02 [Steffen] BFCed; removed matrix all zero "errors"
0 !HISTORY 2004-03-02 [PTadmin] Official Update 2004-01
0 !HISTORY 2007-08-30 [PTadmin] Header formatted for Contributor Agreement
0 !HISTORY 2008-07-01 [PTadmin] Official Update 2008-01


0 // Uncomment for front face
0 // 4 16 10 20 -30 10 0 -10 -10 0 -10 -10 20 -30

1 16 0 20 -10 1 0 0 0 -1 0 0 0 1 stud3a.dat
1 16 0 4 -10 4 0 0 0 4 0 0 0 4 2-4edge.dat
1 16 0 4 -10 4 0 0 0 99 4 0 0 -4 2-4edge.dat
1 16 0 8 -10 0 0 4 0 -4 0 -4 0 0 1-4cyls.dat
1 16 0 8 -10 0 0 -4 0 -4 0 -4 0 0 1-4cyls.dat
1 16 0 4 -10 4 0 0 0 16 0 0 0 4 2-4cyli.dat
1 16 0 8 -10 4 0 0 0 12 0 0 0 -4 2-4cyli.dat
2 24 6 24 6 -6 24 6
2 24 -6 24 6 -6 24 -26
2 24 -6 24 -26 6 24 -26
2 24 6 24 -26 6 24 6
2 24 10 24 10 -10 24 10
2 24 -10 24 10 -10 24 -30
2 24 -10 24 -30 10 24 -30
2 24 10 24 -30 10 24 10
2 24 6 24 6 6 4 6
2 24 -6 24 6 -6 4 6
2 24 6 24 -26 6 20 -26
2 24 -6 24 -26 -6 20 -26
2 24 6 4 6 -6 4 6
2 24 6 4 -10 -6 4 -10
2 24 6 20 -26 -6 20 -26
2 24 6 4 6 6 4 -10
2 24 -6 4 6 -6 4 -10
2 24 6 20 -26 6 4 -10
2 24 -6 20 -26 -6 4 -10
2 24 10 24 10 10 0 10
2 24 -10 24 10 -10 0 10
2 24 10 24 -30 10 20 -30
2 24 -10 24 -30 -10 20 -30
2 24 10 0 10 -10 0 10
2 24 10 0 -10 -10 0 -10
2 24 10 20 -30 -10 20 -30
2 24 10 0 10 10 0 -10
2 24 -10 0 10 -10 0 -10
2 24 10 20 -30 10 0 -10
2 24 -10 20 -30 -10 0 -10
4 16 10 24 10 6 24 6 -6 24 6 -10 24 10
4 16 -10 24 10 -6 24 6 -6 24 -26 -10 24 -30
4 16 -10 24 -30 -6 24 -26 6 24 -26 10 24 -30
4 16 10 24 -30 6 24 -26 6 24 6 10 24 10
4 16 6 4 6 6 4 -10 -6 4 -10 -6 4 6
4 16 10 0 -10 10 0 10 -10 0 10 -10 0 -10
4 16 -10 24 10 -10 0 10 10 0 10 10 24 10
4 16 6 24 6 6 4 6 -6 4 6 -6 24 6
4 16 6 20 -26 6 24 -26 -6 24 -26 -6 20 -26
4 16 10 24 -30 10 20 -30 -10 20 -30 -10 24 -30
4 16 10 24 10 10 0 10 10 20 -30 10 24 -30
3 16 10 0 10 10 0 -10 10 20 -30
4 16 6 20 -26 6 4 6 6 24 6 6 24 -26
3 16 6 20 -26 6 4 -10 6 4 6
4 16 -6 24 6 -6 4 6 -6 20 -26 -6 24 -26
3 16 -6 4 6 -6 4 -10 -6 20 -26
4 16 -10 20 -30 -10 0 10 -10 24 10 -10 24 -30
3 16 -10 20 -30 -10 0 -10 -10 0 10
4 16 -6 4 -10 6 4 -10 6 20 -26 -6 20 -26
1 16 0 0 0 1 0 0 0 1 0 0 0 1 stud.dat
0
0 FILE parts/s/3068bs01.dat
0 ~Tile  2 x  2 with Groove without Face
0 Name: s\3068bs01.dat
0 Author: Willy Tschager [Holly-Wood]
0 !LDRAW_ORG Subpart UPDATE 2024-03
0 !LICENSE Licensed under CC BY 4.0 : see CAreadme.txt

0 BFC CERTIFY CCW

0 !HISTORY 2002-04-02 [sbliss] Modified for BFC compliance
0 !HISTORY 2002-04-25 [PTadmin] Official Update 2002-02
0 !HISTORY 2007-08-30 [PTadmin] Header formatted for Contributor Agreement
0 !HISTORY 2008-07-01 [PTadmin] Official Update 2008-01
0 !HISTORY 2024-03-07 [Holly-Wood] Complete re-write, original by BrickCaster
0 !HISTORY 2024-04-28 [OrionP] Official Update 2024-03

1 16 0 0 0 20 0 0 0 7 0 0 0 20 box4.dat
1 16 0 7 0 19 0 0 0 1 0 0 0 19 box4.dat
0 BFC INVERTNEXT
1 16 0 4 0 16 0 0 0 4 0 0 0 16 box4.dat
1 16 0 4 0 1 0 0 0 -1 0 0 0 1 stud4.dat
1 16 0 4 0 6 0 0 0 -1 0 0 0 6 4-4disc.dat
1 16 0 4 0 8 0 0 0 -1 0 0 0 8 4-4ndis.dat

4 16 -19 7 -19 19 7 -19 20 7 -20 -20 7 -20
4 16 20 7 -20 19 7 -19 19 7 19 20 7 20
4 16 20 7 20 19 7 19 -19 7 19 -20 7 20
4 16 -20 7 20 -19 7 19 -19 7 -19 -20 7 -20

4 16 -16 8 -16 16 8 -16 19 8 -19 -19 8 -19
4 16 19 8 -19 16 8 -16 16 8 16 19 8 19
4 16 19 8 19 16 8 16 -16 8 16 -19 8 19
4 16 -19 8 19 -16 8 16 -16 8 -16 -19 8 -19

4 16 -8 4 -8 8 4 -8 16 4 -16 -16 4 -16
4 16 16 4 -16 8 4 -8 8 4 8 16 4 16
4 16 16 4 16 8 4 8 -8 4 8 -16 4 16
4 16 -16 4 16 -8 4 8 -8 4 -8 -16 4 -16
0 FILE parts/s/3069bs01.dat
0 ~Tile  1 x  2 with Groove without Top Face
0 Name: s\3069bs01.dat
0 Author: Santeri Piippo [arezey]
0 !LDRAW_ORG Subpart UPDATE 2010-02
0 !LICENSE Licensed under CC BY 4.0 : see CAreadme.txt

0 BFC CERTIFY CCW

0 !HISTORY 2010-07-05 [PTadmin] Official Update 2010-02


1 16 0 0 0 20 0 0 0 7 0 0 0 10 box4.dat
1 16 0 7 0 19 0 0 0 1 0 0 0 9 box4.dat
0 BFC INVERTNEXT
1 16 0 8 0 16 0 0 0 -4 0 0 0 6 box5.dat
4 16 -19 8 9 -16 8 6 -16 8 -6 -19 8 -9
4 16 19 8 -9 16 8 -6 16 8 6 19 8 9
4 16 19 8 9 16 8 6 -16 8 6 -19 8 9
4 16 -19 8 -9 -16 8 -6 16 8 -6 19 8 -9
4 16 -20 7 10 -19 7 9 -19 7 -9 -20 7 -10
4 16 20 7 -10 19 7 -9 19 7 9 20 7 10
4 16 20 7 10 19 7 9 -19 7 9 -20 7 10
4 16 -20 7 -10 -19 7 -9 19 7 -9 20 7 -10
0 //
0 FILE rect.dat
0 Rectangle
0 Name: rect.dat
0 Author: James Jessiman
0 !LDRAW_ORG Primitive UPDATE 2010-01
0 !LICENSE Licensed under CC BY 4.0 : see CAreadme.txt

0 BFC CERTIFY CCW

0 !HISTORY 2002-04-05 [hafhead] Added BFC statement
0 !HISTORY 2002-04-25 [PTadmin] Official Update 2002-02
0 !HISTORY 2007-06-24 [PTadmin] Header formatted for Contributor Agreement
0 !HISTORY 2008-07-01 [PTadmin] Official Update 2008-01
0 !HISTORY 2010-01-17 [mikeheide] changed winding to CCW
0 !HISTORY 2010-04-05 [PTadmin] Official Update 2010-01


2 24 1 0 1 -1 0 1
2 24 -1 0 1 -1 0 -1
2 24 -1 0 -1 1 0 -1
2 24 1 0 -1 1 0 1
4 16 -1 0 1 -1 0 -1 1 0 -1 1 0 1
0
0 FILE stud.dat
0 Stud
0 Name: stud.dat
0 Author: James Jessiman
0 !LDRAW_ORG Primitive UPDATE 2012-01
0 !LICENSE Licensed under CC BY 4.0 : see CAreadme.txt

0 BFC CERTIFY CCW

0 !HISTORY 2002-04-04 [sbliss] Modified for BFC compliance
0 !HISTORY 2002-04-25 [PTadmin] Official Update 2002-02
0 !HISTORY 2007-06-24 [PTadmin] Header formatted for Contributor Agreement
0 !HISTORY 2008-07-01 [PTadmin] Official Update 2008-01
0 !HISTORY 2012-02-16 [Philo] Changed to CCW
0 !HISTORY 2012-03-30 [PTadmin] Official Update 2012-01


1 16 0 0 0 6 0 0 0 1 0 0 0 6 4-4edge.dat
1 16 0 -4 0 6 0 0 0 1 0 0 0 6 4-4edge.dat
1 16 0 0 0 6 0 0 0 -4 0 0 0 6 4-4cyli.dat
1 16 0 -4 0 6 0 0 0 1 0 0 0 6 4-4disc.dat
0 FILE stud3.dat
0 Stud Tube Solid
0 Name: stud3.dat
0 Author: James Jessiman
0 !LDRAW_ORG Primitive UPDATE 2012-01
0 !LICENSE Licensed under CC BY 4.0 : see CAreadme.txt

0 BFC CERTIFY CCW

0 !HISTORY 2002-04-04 [sbliss] Modified for BFC compliance
0 !HISTORY 2002-04-25 [PTadmin] Official Update 2002-02
0 !HISTORY 2007-06-24 [PTadmin] Header formatted for Contributor Agreement
0 !HISTORY 2008-07-01 [PTadmin] Official Update 2008-01
0 !HISTORY 2012-02-16 [Philo] Changed to CCW
0 !HISTORY 2012-03-30 [PTadmin] Official Update 2012-01


1 16 0 -4 0 4 0 0 0 1 0 0 0 4 4-4edge.dat
1 16 0 0 0 4 0 0 0 1 0 0 0 4 4-4edge.dat
1 16 0 -4 0 4 0 0 0 1 0 0 0 4 4-4disc.dat
1 16 0 -4 0 4 0 0 0 4 0 0 0 4 4-4cyli.dat
0 FILE stud3a.dat
0 Stud Tube Solid without Base Edges
0 Name: stud3a.dat
0 Author: James Jessiman
0 !LDRAW_ORG Primitive UPDATE 2003-02
0 !LICENSE Licensed under CC BY 4.0 : see CAreadme.txt

0 BFC CERTIFY CCW

0 !HISTORY 2002-08-31 [izanette] Modified with WINDZ for BFC compliance
0 !HISTORY 2003-08-01 [PTadmin] Official Update 2003-02
0 !HISTORY 2007-06-24 [PTadmin] Header formatted for Contributor Agreement
0 !HISTORY 2008-07-01 [PTadmin] Official Update 2008-01


1 16 0 -4 0 4 0 0 0 1 0 0 0 4 4-4edge.dat
1 16 0 -4 0 4 0 0 0 1 0 0 0 4 4-4disc.dat
1 16 0 -4 0 4 0 0 0 4 0 0 0 4 4-4cyli.dat
0
0 FILE stud4.dat
0 Stud Tube Open
0 Name: stud4.dat
0 Author: James Jessiman
0 !LDRAW_ORG Primitive UPDATE 2009-02
0 !LICENSE Licensed under CC BY 4.0 : see CAreadme.txt

0 BFC CERTIFY CCW

0 !HISTORY 1999-07-05 [PTadmin] Official Update 1999-05
0 !HISTORY 2002-04-04 [sbliss] Modified for BFC compliance
0 !HISTORY 2002-04-25 [PTadmin] Official Update 2002-02
0 !HISTORY 2007-06-24 [PTadmin] Header formatted for Contributor Agreement
0 !HISTORY 2008-07-01 [PTadmin] Official Update 2008-01
0 !HISTORY 2009-06-21 [cwdee] Update ring references to 4-4ring
0 !HISTORY 2009-09-03 [PTadmin] Official Update 2009-02


1 16 0 -4 0 6 0 0 0 1 0 0 0 6 4-4edge.dat
1 16 0 -4 0 8 0 0 0 1 0 0 0 8 4-4edge.dat
1 16 0 0 0 6 0 0 0 1 0 0 0 6 4-4edge.dat
1 16 0 0 0 8 0 0 0 1 0 0 0 8 4-4edge.dat
0 BFC INVERTNEXT
1 16 0 -4 0 6 0 0 0 4 0 0 0 6 4-4cyli.dat
1 16 0 -4 0 8 0 0 0 4 0 0 0 8 4-4cyli.dat
1 16 0 -4 0 2 0 0 0 1 0 0 0 2 4-4ring3.dat
0
0 FILE stud4a.dat
0 Stud Tube Open without Base Edges
0 Name: stud4a.dat
0 Author: James Jessiman
0 !LDRAW_ORG Primitive UPDATE 2009-02
0 !LICENSE Licensed under CC BY 4.0 : see CAreadme.txt

0 BFC CERTIFY CCW

0 !HISTORY 1999-07-05 [PTadmin] Official Update 1999-05
0 !HISTORY 2002-04-04 [sbliss] Modified for BFC compliance
0 !HISTORY 2002-04-25 [PTadmin] Official Update 2002-02
0 !HISTORY 2007-06-24 [PTadmin] Header formatted for Contributor Agreement
0 !HISTORY 2008-07-01 [PTadmin] Official Update 2008-01
0 !HISTORY 2009-06-21 [cwdee] Update ring references to 4-4ring
0 !HISTORY 2009-09-03 [PTadmin] Official Update 2009-02


1 16 0 -4 0 6 0 0 0 1 0 0 0 6 4-4edge.dat
1 16 0 -4 0 8 0 0 0 1 0 0 0 8 4-4edge.dat
0 BFC INVERTNEXT
1 16 0 -4 0 6 0 0 0 4 0 0 0 6 4-4cyli.dat
1 16 0 -4 0 8 0 0 0 4 0 0 0 8 4-4cyli.dat
1 16 0 -4 0 2 0 0 0 1 0 0 0 2 4-4ring3.dat
0
0 FILE stug-1x2.dat
0 Stud Group  1 x  2
0 Name: stug-1x2.dat
0 Author: Steffen [Steffen]
0 !LDRAW_ORG Primitive UPDATE 2011-01
0 !LICENSE Licensed under CC BY 4.0 : see CAreadme.txt

0 BFC CERTIFY CCW

0 !HISTORY 2011-07-25 [PTadmin] Official Update 2011-01


1 16 -10 0 0 1 0 0 0 1 0 0 0 1 stud.dat
1 16 10 0 0 1 0 0 0 1 0 0 0 1 stud.dat
0 FILE stug-1x4.dat
0 Stud Group  1 x  4
0 Name: stug-1x4.dat
0 Author: Steffen [Steffen]
0 !LDRAW_ORG Primitive UPDATE 2011-01
0 !LICENSE Licensed under CC BY 4.0 : see CAreadme.txt

0 BFC CERTIFY CCW

0 !HISTORY 2011-07-25 [PTadmin] Official Update 2011-01


1 16 -30 0 0 1 0 0 0 1 0 0 0 1 stud.dat
1 16 -10 0 0 1 0 0 0 1 0 0 0 1 stud.dat
1 16 10 0 0 1 0 0 0 1 0 0 0 1 stud.dat
1 16 30 0 0 1 0 0 0 1 0 0 0 1 stud.dat
0 FILE stug-2x2.dat
0 Stud Group  2 x  2
0 Name: stug-2x2.dat
0 Author: Steffen [Steffen]
0 !LDRAW_ORG Primitive UPDATE 2012-01
0 !LICENSE Licensed under CC BY 4.0 : see CAreadme.txt

0 BFC CERTIFY CCW

0 !HISTORY 2005-12-28 [PTadmin] Official Update 2005-01
0 !HISTORY 2007-05-04 [PTadmin] Header formatted for Contributor Agreement
0 !HISTORY 2008-07-01 [PTadmin] Official Update 2008-01
0 !HISTORY 2011-07-01 [PTadmin] Renamed from stug2
0 !HISTORY 2011-07-25 [PTadmin] Official Update 2011-01
0 !HISTORY 2012-02-16 [Philo] Changed to CCW
0 !HISTORY 2012-03-30 [PTadmin] Official Update 2012-01


1 16 -10 0 -10 1 0 0 0 1 0 0 0 1 stud.dat
1 16 10 0 -10 1 0 0 0 1 0 0 0 1 stud.dat
1 16 -10 0 10 1 0 0 0 1 0 0 0 1 stud.dat
1 16 10 0 10 1 0 0 0 1 0 0 0 1 stud.dat
0 FILE stug3-1x3.dat
0 Stud Tube Solid Group  1 x  3
0 Name: stug3-1x3.dat
0 Author: Steffen [Steffen]
0 !LDRAW_ORG Primitive UPDATE 2012-02
0 !LICENSE Licensed under CC BY 4.0 : see CAreadme.txt

0 BFC CERTIFY CCW

0 !HISTORY 2012-08-09 [PTadmin] Official Update 2012-02


1 16 -20 0 0 1 0 0 0 1 0 0 0 1 stud3.dat
1 16 0 0 0 1 0 0 0 1 0 0 0 1 stud3.dat
1 16 20 0 0 1 0 0 0 1 0 0 0 1 stud3.dat
